
=== 0 sizes === 2026-09-20T20:58:38.2752694-04:00
field                             S              M              L           L640             XL
width                           192            384            576            640            768
blocks                        4+4+2          6+6+4          8+8+4          8+8+4        12+12+4
word_embeddings_tied      1,572,864      3,145,728      4,718,592      5,242,880      6,291,456
ears_blocks               1,771,456     10,622,592     31,861,312     39,333,504     84,955,392
ears_heads                  194,432        462,464        804,224        934,528      1,219,712
ears_total                1,965,888     11,085,056     32,665,536     40,268,032     86,175,104
mouth_blocks              1,771,456     10,622,592     31,861,312     39,333,504     84,955,392
mouth_thought_prefix        638,976      1,277,952      1,916,928      2,129,920      2,555,904
mouth_total               2,410,432     11,900,544     33,778,240     41,463,424     87,511,296
thinker_blocks              885,824      7,081,856     15,930,944     19,667,072     28,318,976
thinker_heads               178,304        356,480        534,656        594,048        712,832
thinker_total             1,064,128      7,438,336     16,465,600     20,261,120     29,031,808
total_trainable           7,013,312     33,569,664     87,627,968    107,235,456    209,009,664
gru_mouth_total           6,546,432      7,136,256     12,660,736     12,922,880     19,758,080
yardstick_chat_lm         5,245,696     29,369,856     29,369,856     29,369,856     29,369,856
reasoner_frozen              79,316         79,316         79,316         79,316         79,316

    S: total 7,013,312 trainable (7.01M) + 79,316 frozen reasoner; yardstick chat LM 5,245,696 (5.25M)
    M: total 33,569,664 trainable (33.57M) + 79,316 frozen reasoner; yardstick chat LM 29,369,856 (29.37M)
    L: total 87,627,968 trainable (87.63M) + 79,316 frozen reasoner; yardstick chat LM 29,369,856 (29.37M)
 L640: total 107,235,456 trainable (107.24M) + 79,316 frozen reasoner; yardstick chat LM 29,369,856 (29.37M)
   XL: total 209,009,664 trainable (209.01M) + 79,316 frozen reasoner; yardstick chat LM 29,369,856 (29.37M)

=== 1 autoencode S, 11 min === 2026-09-20T20:58:44.1084108-04:00
[start] stage=autoencode preset=S device=cuda steps=1000000 from step 0; data = 1 shard(s) under C:\Users\benja\talker24\artifacts\fable-talker24-20260920\shards
[step      25/1000000] loss=8.4594 grad_norm=2.0973 lr=5.00e-05 13,543 tok/s 0.48 TFLOP/s
[step      50/1000000] loss=7.8282 grad_norm=2.0738 lr=1.00e-04 19,417 tok/s 0.69 TFLOP/s
[step      75/1000000] loss=7.2160 grad_norm=2.1330 lr=1.50e-04 16,462 tok/s 0.59 TFLOP/s
[step     100/1000000] loss=6.2815 grad_norm=2.0722 lr=2.00e-04 16,899 tok/s 0.60 TFLOP/s
[step     125/1000000] loss=5.5894 grad_norm=2.0759 lr=2.50e-04 15,968 tok/s 0.57 TFLOP/s
[step     150/1000000] loss=5.1299 grad_norm=2.1955 lr=3.00e-04 16,769 tok/s 0.60 TFLOP/s
[step     175/1000000] loss=4.5762 grad_norm=1.7926 lr=3.50e-04 15,961 tok/s 0.57 TFLOP/s
[step     200/1000000] loss=4.3901 grad_norm=3.1388 lr=4.00e-04 15,752 tok/s 0.56 TFLOP/s
[step     225/1000000] loss=4.2220 grad_norm=2.2474 lr=4.50e-04 15,612 tok/s 0.56 TFLOP/s
[step     250/1000000] loss=3.8314 grad_norm=2.1878 lr=5.00e-04 14,936 tok/s 0.53 TFLOP/s
[step     275/1000000] loss=3.8460 grad_norm=2.2937 lr=5.50e-04 15,248 tok/s 0.54 TFLOP/s
[step     300/1000000] loss=3.5912 grad_norm=2.3991 lr=6.00e-04 16,319 tok/s 0.58 TFLOP/s
[step     325/1000000] loss=3.3407 grad_norm=1.9265 lr=6.00e-04 17,819 tok/s 0.64 TFLOP/s
[step     350/1000000] loss=3.5418 grad_norm=2.2176 lr=6.00e-04 14,684 tok/s 0.52 TFLOP/s
[step     375/1000000] loss=3.2558 grad_norm=2.7789 lr=6.00e-04 15,053 tok/s 0.54 TFLOP/s
[step     400/1000000] loss=3.2833 grad_norm=2.2065 lr=6.00e-04 18,664 tok/s 0.67 TFLOP/s
[step     425/1000000] loss=3.2549 grad_norm=2.1657 lr=6.00e-04 19,005 tok/s 0.68 TFLOP/s
[step     450/1000000] loss=3.2749 grad_norm=2.2785 lr=6.00e-04 19,859 tok/s 0.71 TFLOP/s
[step     475/1000000] loss=2.8378 grad_norm=2.2367 lr=6.00e-04 20,332 tok/s 0.73 TFLOP/s
[step     500/1000000] loss=2.6932 grad_norm=2.2968 lr=6.00e-04 17,628 tok/s 0.63 TFLOP/s
[step     525/1000000] loss=2.8903 grad_norm=2.4907 lr=6.00e-04 16,784 tok/s 0.60 TFLOP/s
[step     550/1000000] loss=2.6620 grad_norm=2.3114 lr=6.00e-04 18,768 tok/s 0.67 TFLOP/s
[step     575/1000000] loss=2.8192 grad_norm=2.2955 lr=6.00e-04 16,582 tok/s 0.59 TFLOP/s
[step     600/1000000] loss=2.6430 grad_norm=2.0240 lr=6.00e-04 15,432 tok/s 0.55 TFLOP/s
[step     625/1000000] loss=2.7369 grad_norm=2.1738 lr=6.00e-04 16,591 tok/s 0.59 TFLOP/s
[step     650/1000000] loss=2.4943 grad_norm=2.5238 lr=6.00e-04 14,295 tok/s 0.51 TFLOP/s
[step     675/1000000] loss=2.5093 grad_norm=2.4988 lr=6.00e-04 14,215 tok/s 0.51 TFLOP/s
[step     700/1000000] loss=2.6408 grad_norm=2.1070 lr=6.00e-04 14,962 tok/s 0.53 TFLOP/s
[step     725/1000000] loss=2.5013 grad_norm=2.2970 lr=6.00e-04 19,370 tok/s 0.69 TFLOP/s
[step     750/1000000] loss=2.5505 grad_norm=1.9985 lr=6.00e-04 18,645 tok/s 0.67 TFLOP/s
[step     775/1000000] loss=2.3009 grad_norm=2.3399 lr=6.00e-04 16,207 tok/s 0.58 TFLOP/s
[step     800/1000000] loss=2.4770 grad_norm=2.2869 lr=6.00e-04 17,731 tok/s 0.63 TFLOP/s
[step     825/1000000] loss=2.5274 grad_norm=2.4139 lr=6.00e-04 15,627 tok/s 0.56 TFLOP/s
[step     850/1000000] loss=2.5172 grad_norm=2.2749 lr=6.00e-04 18,007 tok/s 0.64 TFLOP/s
[step     875/1000000] loss=2.1804 grad_norm=2.4582 lr=6.00e-04 20,595 tok/s 0.74 TFLOP/s
[step     900/1000000] loss=2.3292 grad_norm=2.0471 lr=6.00e-04 20,358 tok/s 0.73 TFLOP/s
[step     925/1000000] loss=2.5527 grad_norm=2.1009 lr=6.00e-04 18,111 tok/s 0.65 TFLOP/s
[step     950/1000000] loss=1.9965 grad_norm=2.0843 lr=6.00e-04 16,468 tok/s 0.59 TFLOP/s
[step     975/1000000] loss=2.2661 grad_norm=2.0276 lr=6.00e-04 17,381 tok/s 0.62 TFLOP/s
[step    1000/1000000] loss=2.3918 grad_norm=2.3474 lr=6.00e-04 17,911 tok/s 0.64 TFLOP/s
[step    1025/1000000] loss=2.0841 grad_norm=2.3773 lr=6.00e-04 14,700 tok/s 0.52 TFLOP/s
[step    1050/1000000] loss=2.3344 grad_norm=2.1680 lr=6.00e-04 17,142 tok/s 0.61 TFLOP/s
[step    1075/1000000] loss=2.1925 grad_norm=2.3458 lr=6.00e-04 15,012 tok/s 0.54 TFLOP/s
[step    1100/1000000] loss=1.9981 grad_norm=2.2341 lr=6.00e-04 14,709 tok/s 0.53 TFLOP/s
[step    1125/1000000] loss=2.2662 grad_norm=2.4848 lr=6.00e-04 13,815 tok/s 0.49 TFLOP/s
[step    1150/1000000] loss=2.2689 grad_norm=2.2640 lr=6.00e-04 13,807 tok/s 0.49 TFLOP/s
[step    1175/1000000] loss=2.0124 grad_norm=2.3006 lr=6.00e-04 17,589 tok/s 0.63 TFLOP/s
[step    1200/1000000] loss=2.1141 grad_norm=2.0956 lr=6.00e-04 15,698 tok/s 0.56 TFLOP/s
[step    1225/1000000] loss=2.0703 grad_norm=2.2449 lr=6.00e-04 20,511 tok/s 0.73 TFLOP/s
[step    1250/1000000] loss=1.9313 grad_norm=2.4201 lr=6.00e-04 15,961 tok/s 0.57 TFLOP/s
[step    1275/1000000] loss=2.0427 grad_norm=2.1046 lr=6.00e-04 19,455 tok/s 0.69 TFLOP/s
[step    1300/1000000] loss=2.1282 grad_norm=1.9823 lr=6.00e-04 20,204 tok/s 0.72 TFLOP/s
[step    1325/1000000] loss=2.0568 grad_norm=2.3908 lr=6.00e-04 21,151 tok/s 0.75 TFLOP/s
[step    1350/1000000] loss=1.9384 grad_norm=2.2254 lr=6.00e-04 19,870 tok/s 0.71 TFLOP/s
[step    1375/1000000] loss=2.1244 grad_norm=2.1231 lr=6.00e-04 18,395 tok/s 0.66 TFLOP/s
[step    1400/1000000] loss=2.0082 grad_norm=2.4652 lr=6.00e-04 17,619 tok/s 0.63 TFLOP/s
[step    1425/1000000] loss=1.9533 grad_norm=2.1408 lr=6.00e-04 17,688 tok/s 0.63 TFLOP/s
[step    1450/1000000] loss=2.0325 grad_norm=2.2596 lr=6.00e-04 16,920 tok/s 0.60 TFLOP/s
[step    1475/1000000] loss=2.1631 grad_norm=2.3652 lr=6.00e-04 14,588 tok/s 0.52 TFLOP/s
[step    1500/1000000] loss=1.7466 grad_norm=2.3138 lr=6.00e-04 15,695 tok/s 0.56 TFLOP/s
[step    1525/1000000] loss=1.8339 grad_norm=2.6156 lr=6.00e-04 13,237 tok/s 0.47 TFLOP/s
[step    1550/1000000] loss=1.8766 grad_norm=2.5837 lr=6.00e-04 14,800 tok/s 0.53 TFLOP/s
[step    1575/1000000] loss=1.7193 grad_norm=2.6636 lr=6.00e-04 14,423 tok/s 0.51 TFLOP/s
[step    1600/1000000] loss=1.8109 grad_norm=2.1177 lr=6.00e-04 16,661 tok/s 0.59 TFLOP/s
[step    1625/1000000] loss=1.9660 grad_norm=2.3776 lr=6.00e-04 17,570 tok/s 0.63 TFLOP/s
[step    1650/1000000] loss=1.6963 grad_norm=1.9927 lr=6.00e-04 15,460 tok/s 0.55 TFLOP/s
[step    1675/1000000] loss=1.8850 grad_norm=2.0855 lr=6.00e-04 19,334 tok/s 0.69 TFLOP/s
[step    1700/1000000] loss=1.8902 grad_norm=2.1708 lr=6.00e-04 19,977 tok/s 0.71 TFLOP/s
[step    1725/1000000] loss=1.7354 grad_norm=2.1949 lr=6.00e-04 20,560 tok/s 0.73 TFLOP/s
[step    1750/1000000] loss=1.6561 grad_norm=2.6068 lr=6.00e-04 20,858 tok/s 0.74 TFLOP/s
[step    1775/1000000] loss=1.6146 grad_norm=2.0135 lr=6.00e-04 19,392 tok/s 0.69 TFLOP/s
[step    1800/1000000] loss=1.7729 grad_norm=2.3219 lr=6.00e-04 20,218 tok/s 0.72 TFLOP/s
[step    1825/1000000] loss=1.8081 grad_norm=2.3279 lr=6.00e-04 16,697 tok/s 0.60 TFLOP/s
[step    1850/1000000] loss=1.7918 grad_norm=2.1552 lr=6.00e-04 16,805 tok/s 0.60 TFLOP/s
[step    1875/1000000] loss=1.9443 grad_norm=2.4188 lr=6.00e-04 15,562 tok/s 0.56 TFLOP/s
[step    1900/1000000] loss=1.9035 grad_norm=2.6474 lr=6.00e-04 14,582 tok/s 0.52 TFLOP/s
[step    1925/1000000] loss=1.6068 grad_norm=2.3549 lr=6.00e-04 14,613 tok/s 0.52 TFLOP/s
[step    1950/1000000] loss=1.5750 grad_norm=2.2432 lr=6.00e-04 15,108 tok/s 0.54 TFLOP/s
[step    1975/1000000] loss=1.6946 grad_norm=2.3504 lr=6.00e-04 14,353 tok/s 0.51 TFLOP/s
[step    2000/1000000] loss=1.6149 grad_norm=2.1290 lr=6.00e-04 14,731 tok/s 0.53 TFLOP/s
[step    2025/1000000] loss=1.7169 grad_norm=2.4778 lr=6.00e-04 15,332 tok/s 0.55 TFLOP/s
[step    2050/1000000] loss=1.6594 grad_norm=2.4644 lr=6.00e-04 15,526 tok/s 0.55 TFLOP/s
[step    2075/1000000] loss=1.6705 grad_norm=2.1155 lr=6.00e-04 16,967 tok/s 0.61 TFLOP/s
[step    2100/1000000] loss=1.5772 grad_norm=2.7099 lr=6.00e-04 19,900 tok/s 0.71 TFLOP/s
[step    2125/1000000] loss=1.5773 grad_norm=2.2531 lr=6.00e-04 20,795 tok/s 0.74 TFLOP/s
[step    2150/1000000] loss=1.6612 grad_norm=2.7104 lr=6.00e-04 19,717 tok/s 0.70 TFLOP/s
[step    2175/1000000] loss=1.8440 grad_norm=2.4545 lr=6.00e-04 19,988 tok/s 0.71 TFLOP/s
[step    2200/1000000] loss=1.5899 grad_norm=2.3221 lr=6.00e-04 20,388 tok/s 0.73 TFLOP/s
[step    2225/1000000] loss=1.7213 grad_norm=2.6425 lr=6.00e-04 19,104 tok/s 0.68 TFLOP/s
[step    2250/1000000] loss=1.6492 grad_norm=2.3348 lr=6.00e-04 16,399 tok/s 0.59 TFLOP/s
[step    2275/1000000] loss=1.6184 grad_norm=2.2875 lr=6.00e-04 16,823 tok/s 0.60 TFLOP/s
[step    2300/1000000] loss=1.6797 grad_norm=2.2021 lr=6.00e-04 14,501 tok/s 0.52 TFLOP/s
[step    2325/1000000] loss=1.7371 grad_norm=2.4318 lr=6.00e-04 14,588 tok/s 0.52 TFLOP/s
[step    2350/1000000] loss=1.5848 grad_norm=2.5067 lr=6.00e-04 14,707 tok/s 0.52 TFLOP/s
[step    2375/1000000] loss=1.4378 grad_norm=2.1232 lr=6.00e-04 13,916 tok/s 0.50 TFLOP/s
[step    2400/1000000] loss=1.5999 grad_norm=2.6244 lr=6.00e-04 15,377 tok/s 0.55 TFLOP/s
[step    2425/1000000] loss=1.7457 grad_norm=2.4892 lr=6.00e-04 15,283 tok/s 0.55 TFLOP/s
[step    2450/1000000] loss=1.3504 grad_norm=2.2576 lr=6.00e-04 16,515 tok/s 0.59 TFLOP/s
[step    2475/1000000] loss=1.7746 grad_norm=2.3197 lr=6.00e-04 16,995 tok/s 0.61 TFLOP/s
[step    2500/1000000] loss=1.6405 grad_norm=2.3498 lr=6.00e-04 19,529 tok/s 0.70 TFLOP/s
[step    2525/1000000] loss=1.3842 grad_norm=2.2782 lr=6.00e-04 18,075 tok/s 0.65 TFLOP/s
[step    2550/1000000] loss=1.5796 grad_norm=2.4264 lr=6.00e-04 20,088 tok/s 0.72 TFLOP/s
[step    2575/1000000] loss=1.5985 grad_norm=2.2456 lr=6.00e-04 19,987 tok/s 0.71 TFLOP/s
[step    2600/1000000] loss=1.4681 grad_norm=2.1353 lr=6.00e-04 19,760 tok/s 0.71 TFLOP/s
[step    2625/1000000] loss=1.7037 grad_norm=2.4072 lr=6.00e-04 19,754 tok/s 0.71 TFLOP/s
[step    2650/1000000] loss=1.4014 grad_norm=2.4379 lr=6.00e-04 19,649 tok/s 0.70 TFLOP/s
[step    2675/1000000] loss=1.4805 grad_norm=2.2134 lr=6.00e-04 17,714 tok/s 0.63 TFLOP/s
[step    2700/1000000] loss=1.4535 grad_norm=2.5706 lr=6.00e-04 14,546 tok/s 0.52 TFLOP/s
[step    2725/1000000] loss=1.9797 grad_norm=2.1803 lr=6.00e-04 14,842 tok/s 0.53 TFLOP/s
[step    2750/1000000] loss=1.5058 grad_norm=2.7387 lr=6.00e-04 14,799 tok/s 0.53 TFLOP/s
[step    2775/1000000] loss=1.3269 grad_norm=1.8191 lr=6.00e-04 13,914 tok/s 0.50 TFLOP/s
[step    2800/1000000] loss=1.5464 grad_norm=2.0364 lr=6.00e-04 13,963 tok/s 0.50 TFLOP/s
[step    2825/1000000] loss=1.6432 grad_norm=2.5976 lr=6.00e-04 15,384 tok/s 0.55 TFLOP/s
[step    2850/1000000] loss=1.6701 grad_norm=2.0123 lr=6.00e-04 13,873 tok/s 0.50 TFLOP/s
[step    2875/1000000] loss=1.7106 grad_norm=2.7431 lr=6.00e-04 15,236 tok/s 0.54 TFLOP/s
[step    2900/1000000] loss=1.5913 grad_norm=2.2949 lr=6.00e-04 18,284 tok/s 0.65 TFLOP/s
[step    2925/1000000] loss=1.4041 grad_norm=1.9585 lr=6.00e-04 20,048 tok/s 0.72 TFLOP/s
[step    2950/1000000] loss=1.4888 grad_norm=2.3239 lr=6.00e-04 20,095 tok/s 0.72 TFLOP/s
[step    2975/1000000] loss=1.5004 grad_norm=2.2385 lr=6.00e-04 20,425 tok/s 0.73 TFLOP/s
[step    3000/1000000] loss=1.5292 grad_norm=2.2699 lr=6.00e-04 20,799 tok/s 0.74 TFLOP/s
[step    3025/1000000] loss=1.3068 grad_norm=2.3230 lr=6.00e-04 16,860 tok/s 0.60 TFLOP/s
[step    3050/1000000] loss=1.4490 grad_norm=2.4555 lr=6.00e-04 20,188 tok/s 0.72 TFLOP/s
[step    3075/1000000] loss=1.4919 grad_norm=2.4041 lr=6.00e-04 20,140 tok/s 0.72 TFLOP/s
[step    3100/1000000] loss=1.3585 grad_norm=2.4386 lr=6.00e-04 18,566 tok/s 0.66 TFLOP/s
[step    3125/1000000] loss=1.4439 grad_norm=2.2996 lr=6.00e-04 14,760 tok/s 0.53 TFLOP/s
[step    3150/1000000] loss=1.5213 grad_norm=2.3401 lr=6.00e-04 14,794 tok/s 0.53 TFLOP/s
[step    3175/1000000] loss=1.4348 grad_norm=2.1271 lr=6.00e-04 15,122 tok/s 0.54 TFLOP/s
[step    3200/1000000] loss=1.2182 grad_norm=2.0023 lr=6.00e-04 14,721 tok/s 0.53 TFLOP/s
[step    3225/1000000] loss=1.3240 grad_norm=2.5014 lr=6.00e-04 14,379 tok/s 0.51 TFLOP/s
[step    3250/1000000] loss=1.3593 grad_norm=2.2617 lr=6.00e-04 15,331 tok/s 0.55 TFLOP/s
[step    3275/1000000] loss=1.0258 grad_norm=2.2830 lr=6.00e-04 14,172 tok/s 0.51 TFLOP/s
[step    3300/1000000] loss=1.5825 grad_norm=2.4008 lr=6.00e-04 16,934 tok/s 0.60 TFLOP/s
[step    3325/1000000] loss=1.4165 grad_norm=2.3914 lr=6.00e-04 18,362 tok/s 0.66 TFLOP/s
[step    3350/1000000] loss=1.1733 grad_norm=2.1294 lr=6.00e-04 19,558 tok/s 0.70 TFLOP/s
[step    3375/1000000] loss=1.3062 grad_norm=2.1900 lr=6.00e-04 20,326 tok/s 0.73 TFLOP/s
[step    3400/1000000] loss=1.5495 grad_norm=2.1298 lr=6.00e-04 20,231 tok/s 0.72 TFLOP/s
[step    3425/1000000] loss=1.2210 grad_norm=2.2818 lr=6.00e-04 19,981 tok/s 0.71 TFLOP/s
[step    3450/1000000] loss=1.5609 grad_norm=2.1821 lr=6.00e-04 20,215 tok/s 0.72 TFLOP/s
[step    3475/1000000] loss=1.3696 grad_norm=2.6496 lr=6.00e-04 20,024 tok/s 0.71 TFLOP/s
[step    3500/1000000] loss=1.3483 grad_norm=2.3029 lr=6.00e-04 14,844 tok/s 0.53 TFLOP/s
[step    3525/1000000] loss=1.2496 grad_norm=2.3715 lr=6.00e-04 13,033 tok/s 0.47 TFLOP/s
[step    3550/1000000] loss=1.4731 grad_norm=2.1968 lr=6.00e-04 16,731 tok/s 0.60 TFLOP/s
[step    3575/1000000] loss=1.5493 grad_norm=2.2161 lr=6.00e-04 13,795 tok/s 0.49 TFLOP/s
[step    3600/1000000] loss=1.2698 grad_norm=2.5420 lr=6.00e-04 14,793 tok/s 0.53 TFLOP/s
[step    3625/1000000] loss=1.3861 grad_norm=2.2980 lr=6.00e-04 14,537 tok/s 0.52 TFLOP/s
[step    3650/1000000] loss=1.3171 grad_norm=2.4790 lr=6.00e-04 14,444 tok/s 0.52 TFLOP/s
[step    3675/1000000] loss=1.2051 grad_norm=2.2463 lr=6.00e-04 15,293 tok/s 0.55 TFLOP/s
[step    3700/1000000] loss=1.4125 grad_norm=2.2877 lr=6.00e-04 17,597 tok/s 0.63 TFLOP/s
[step    3725/1000000] loss=1.3901 grad_norm=2.4073 lr=6.00e-04 16,656 tok/s 0.59 TFLOP/s
[step    3750/1000000] loss=1.4540 grad_norm=2.3634 lr=6.00e-04 16,894 tok/s 0.60 TFLOP/s
[step    3775/1000000] loss=1.7047 grad_norm=2.5570 lr=6.00e-04 17,139 tok/s 0.61 TFLOP/s
[step    3800/1000000] loss=1.5688 grad_norm=2.5288 lr=6.00e-04 19,341 tok/s 0.69 TFLOP/s
[step    3825/1000000] loss=1.2162 grad_norm=2.3013 lr=6.00e-04 20,968 tok/s 0.75 TFLOP/s
[step    3850/1000000] loss=1.5354 grad_norm=2.9692 lr=6.00e-04 20,073 tok/s 0.72 TFLOP/s
[step    3875/1000000] loss=1.3215 grad_norm=2.4308 lr=6.00e-04 20,628 tok/s 0.74 TFLOP/s
[step    3900/1000000] loss=1.4035 grad_norm=2.2164 lr=6.00e-04 19,681 tok/s 0.70 TFLOP/s
[step    3925/1000000] loss=1.3284 grad_norm=2.1254 lr=6.00e-04 16,794 tok/s 0.60 TFLOP/s
[step    3950/1000000] loss=1.4070 grad_norm=2.3035 lr=6.00e-04 18,545 tok/s 0.66 TFLOP/s
[step    3975/1000000] loss=1.2283 grad_norm=2.1325 lr=6.00e-04 15,426 tok/s 0.55 TFLOP/s
[step    4000/1000000] loss=1.3010 grad_norm=2.0864 lr=6.00e-04 17,919 tok/s 0.64 TFLOP/s
[step    4025/1000000] loss=1.2515 grad_norm=2.2327 lr=6.00e-04 14,223 tok/s 0.51 TFLOP/s
[step    4050/1000000] loss=1.3171 grad_norm=2.7187 lr=6.00e-04 14,952 tok/s 0.53 TFLOP/s
[step    4075/1000000] loss=1.0481 grad_norm=1.9192 lr=6.00e-04 14,564 tok/s 0.52 TFLOP/s
[step    4100/1000000] loss=1.4654 grad_norm=2.3931 lr=6.00e-04 15,754 tok/s 0.56 TFLOP/s
[step    4125/1000000] loss=1.0708 grad_norm=2.0915 lr=6.00e-04 17,810 tok/s 0.64 TFLOP/s
[step    4150/1000000] loss=1.2822 grad_norm=2.3311 lr=6.00e-04 16,878 tok/s 0.60 TFLOP/s
[step    4175/1000000] loss=1.2588 grad_norm=2.6047 lr=6.00e-04 16,383 tok/s 0.58 TFLOP/s
[step    4200/1000000] loss=1.4302 grad_norm=2.2134 lr=6.00e-04 17,447 tok/s 0.62 TFLOP/s
[step    4225/1000000] loss=1.3422 grad_norm=2.0762 lr=6.00e-04 19,133 tok/s 0.68 TFLOP/s
[step    4250/1000000] loss=1.2119 grad_norm=2.1835 lr=6.00e-04 19,781 tok/s 0.71 TFLOP/s
[step    4275/1000000] loss=1.4052 grad_norm=2.2203 lr=6.00e-04 20,173 tok/s 0.72 TFLOP/s
[step    4300/1000000] loss=1.3501 grad_norm=2.1041 lr=6.00e-04 19,935 tok/s 0.71 TFLOP/s
[step    4325/1000000] loss=1.6663 grad_norm=2.4081 lr=6.00e-04 15,356 tok/s 0.55 TFLOP/s
[step    4350/1000000] loss=1.3703 grad_norm=2.7059 lr=6.00e-04 16,729 tok/s 0.60 TFLOP/s
[step    4375/1000000] loss=1.3411 grad_norm=1.8671 lr=6.00e-04 15,177 tok/s 0.54 TFLOP/s
[step    4400/1000000] loss=1.2181 grad_norm=2.2454 lr=6.00e-04 15,526 tok/s 0.55 TFLOP/s
[step    4425/1000000] loss=1.2995 grad_norm=2.3196 lr=6.00e-04 17,676 tok/s 0.63 TFLOP/s
[step    4450/1000000] loss=1.2662 grad_norm=2.6054 lr=6.00e-04 13,657 tok/s 0.49 TFLOP/s
[step    4475/1000000] loss=1.3841 grad_norm=2.2574 lr=6.00e-04 15,428 tok/s 0.55 TFLOP/s
[step    4500/1000000] loss=1.2448 grad_norm=2.4314 lr=6.00e-04 15,244 tok/s 0.54 TFLOP/s
[step    4525/1000000] loss=1.2048 grad_norm=2.1919 lr=6.00e-04 15,820 tok/s 0.56 TFLOP/s
[step    4550/1000000] loss=1.2717 grad_norm=2.3881 lr=6.00e-04 16,937 tok/s 0.60 TFLOP/s
[step    4575/1000000] loss=1.0765 grad_norm=2.3524 lr=6.00e-04 17,278 tok/s 0.62 TFLOP/s
[step    4600/1000000] loss=1.2008 grad_norm=2.1856 lr=6.00e-04 19,189 tok/s 0.68 TFLOP/s
[step    4625/1000000] loss=1.2425 grad_norm=2.1458 lr=6.00e-04 18,219 tok/s 0.65 TFLOP/s
[step    4650/1000000] loss=1.4411 grad_norm=2.4461 lr=6.00e-04 17,695 tok/s 0.63 TFLOP/s
[step    4675/1000000] loss=1.3508 grad_norm=2.5660 lr=6.00e-04 19,478 tok/s 0.70 TFLOP/s
[step    4700/1000000] loss=1.3203 grad_norm=2.3062 lr=6.00e-04 17,439 tok/s 0.62 TFLOP/s
[step    4725/1000000] loss=1.1855 grad_norm=2.1187 lr=6.00e-04 17,645 tok/s 0.63 TFLOP/s
[step    4750/1000000] loss=1.1020 grad_norm=2.1732 lr=6.00e-04 19,544 tok/s 0.70 TFLOP/s
[step    4775/1000000] loss=1.1545 grad_norm=2.2884 lr=6.00e-04 17,716 tok/s 0.63 TFLOP/s
[step    4800/1000000] loss=1.4469 grad_norm=2.3600 lr=6.00e-04 19,517 tok/s 0.70 TFLOP/s
[step    4825/1000000] loss=1.1166 grad_norm=2.2315 lr=6.00e-04 16,074 tok/s 0.57 TFLOP/s
[step    4850/1000000] loss=1.1347 grad_norm=2.6147 lr=6.00e-04 16,310 tok/s 0.58 TFLOP/s
[step    4875/1000000] loss=1.1056 grad_norm=2.2327 lr=6.00e-04 18,415 tok/s 0.66 TFLOP/s
[step    4900/1000000] loss=1.1192 grad_norm=2.0828 lr=6.00e-04 15,001 tok/s 0.54 TFLOP/s
[step    4925/1000000] loss=1.2531 grad_norm=2.2469 lr=6.00e-04 16,260 tok/s 0.58 TFLOP/s
[step    4950/1000000] loss=1.2654 grad_norm=2.3743 lr=6.00e-04 17,088 tok/s 0.61 TFLOP/s
[step    4975/1000000] loss=1.3315 grad_norm=2.2564 lr=6.00e-04 16,936 tok/s 0.60 TFLOP/s
[step    5000/1000000] loss=1.2350 grad_norm=2.3076 lr=6.00e-04 15,530 tok/s 0.55 TFLOP/s
[step    5025/1000000] loss=0.9935 grad_norm=2.1837 lr=6.00e-04 17,041 tok/s 0.61 TFLOP/s
[step    5050/1000000] loss=1.1808 grad_norm=2.2091 lr=6.00e-04 18,588 tok/s 0.66 TFLOP/s
[step    5075/1000000] loss=1.0286 grad_norm=2.2355 lr=6.00e-04 18,117 tok/s 0.65 TFLOP/s
[step    5100/1000000] loss=1.2323 grad_norm=2.3374 lr=6.00e-04 19,314 tok/s 0.69 TFLOP/s
[step    5125/1000000] loss=1.2641 grad_norm=2.8827 lr=6.00e-04 16,384 tok/s 0.58 TFLOP/s
[step    5150/1000000] loss=1.1643 grad_norm=2.2192 lr=6.00e-04 16,100 tok/s 0.57 TFLOP/s
[step    5175/1000000] loss=1.3116 grad_norm=2.5306 lr=6.00e-04 15,052 tok/s 0.54 TFLOP/s
[step    5200/1000000] loss=1.1217 grad_norm=2.3973 lr=6.00e-04 14,339 tok/s 0.51 TFLOP/s
[step    5225/1000000] loss=1.1660 grad_norm=2.7778 lr=6.00e-04 16,052 tok/s 0.57 TFLOP/s
[step    5250/1000000] loss=1.3074 grad_norm=2.5284 lr=6.00e-04 14,875 tok/s 0.53 TFLOP/s
[step    5275/1000000] loss=1.1181 grad_norm=2.2055 lr=6.00e-04 16,406 tok/s 0.59 TFLOP/s
[step    5300/1000000] loss=1.2145 grad_norm=2.4175 lr=6.00e-04 15,479 tok/s 0.55 TFLOP/s
[step    5325/1000000] loss=1.2614 grad_norm=2.2874 lr=6.00e-04 18,209 tok/s 0.65 TFLOP/s
[step    5350/1000000] loss=1.1926 grad_norm=2.3200 lr=6.00e-04 18,073 tok/s 0.65 TFLOP/s
[step    5375/1000000] loss=1.0986 grad_norm=2.2586 lr=6.00e-04 16,948 tok/s 0.60 TFLOP/s
[step    5400/1000000] loss=1.1937 grad_norm=2.3994 lr=6.00e-04 16,212 tok/s 0.58 TFLOP/s
[step    5425/1000000] loss=1.2761 grad_norm=2.1980 lr=6.00e-04 18,500 tok/s 0.66 TFLOP/s
[step    5450/1000000] loss=0.9812 grad_norm=2.2163 lr=6.00e-04 16,259 tok/s 0.58 TFLOP/s
[step    5475/1000000] loss=1.0816 grad_norm=2.4019 lr=6.00e-04 16,401 tok/s 0.59 TFLOP/s
[step    5500/1000000] loss=1.0293 grad_norm=2.4497 lr=6.00e-04 17,687 tok/s 0.63 TFLOP/s
[step    5525/1000000] loss=1.0834 grad_norm=2.4854 lr=6.00e-04 13,167 tok/s 0.47 TFLOP/s
[step    5550/1000000] loss=1.2201 grad_norm=2.2666 lr=6.00e-04 17,160 tok/s 0.61 TFLOP/s
[step    5575/1000000] loss=1.1817 grad_norm=2.4391 lr=6.00e-04 16,017 tok/s 0.57 TFLOP/s
[step    5600/1000000] loss=0.9756 grad_norm=2.2068 lr=6.00e-04 18,953 tok/s 0.68 TFLOP/s
[step    5625/1000000] loss=1.1303 grad_norm=2.4820 lr=6.00e-04 20,257 tok/s 0.72 TFLOP/s
[step    5650/1000000] loss=1.0126 grad_norm=2.1121 lr=6.00e-04 15,154 tok/s 0.54 TFLOP/s
[step    5675/1000000] loss=1.3054 grad_norm=2.5554 lr=6.00e-04 17,429 tok/s 0.62 TFLOP/s
[step    5700/1000000] loss=1.0814 grad_norm=2.3933 lr=6.00e-04 16,764 tok/s 0.60 TFLOP/s
[step    5725/1000000] loss=1.0388 grad_norm=2.3600 lr=6.00e-04 20,150 tok/s 0.72 TFLOP/s
[step    5750/1000000] loss=1.2409 grad_norm=2.3794 lr=6.00e-04 19,099 tok/s 0.68 TFLOP/s
[step    5775/1000000] loss=1.2662 grad_norm=2.8396 lr=6.00e-04 17,597 tok/s 0.63 TFLOP/s
[step    5800/1000000] loss=1.0315 grad_norm=2.3681 lr=6.00e-04 19,173 tok/s 0.68 TFLOP/s
[step    5825/1000000] loss=1.2799 grad_norm=2.6051 lr=6.00e-04 17,992 tok/s 0.64 TFLOP/s
[step    5850/1000000] loss=1.1200 grad_norm=2.5856 lr=6.00e-04 17,257 tok/s 0.62 TFLOP/s
[step    5875/1000000] loss=1.2290 grad_norm=2.4714 lr=6.00e-04 17,358 tok/s 0.62 TFLOP/s
[step    5900/1000000] loss=0.8293 grad_norm=2.2353 lr=6.00e-04 18,715 tok/s 0.67 TFLOP/s
[step    5925/1000000] loss=1.1211 grad_norm=2.6432 lr=6.00e-04 15,546 tok/s 0.55 TFLOP/s
[step    5950/1000000] loss=1.0408 grad_norm=2.1650 lr=6.00e-04 14,001 tok/s 0.50 TFLOP/s
[step    5975/1000000] loss=0.9333 grad_norm=2.3278 lr=6.00e-04 14,457 tok/s 0.52 TFLOP/s
[step    6000/1000000] loss=1.2285 grad_norm=2.4603 lr=6.00e-04 14,928 tok/s 0.53 TFLOP/s
[step    6025/1000000] loss=1.0026 grad_norm=2.1987 lr=6.00e-04 15,149 tok/s 0.54 TFLOP/s
[step    6050/1000000] loss=1.0238 grad_norm=2.4666 lr=6.00e-04 14,848 tok/s 0.53 TFLOP/s
[step    6075/1000000] loss=0.9850 grad_norm=2.2522 lr=6.00e-04 14,555 tok/s 0.52 TFLOP/s
[step    6100/1000000] loss=1.0906 grad_norm=2.6439 lr=6.00e-04 17,613 tok/s 0.63 TFLOP/s
[step    6125/1000000] loss=1.0772 grad_norm=2.4122 lr=6.00e-04 16,985 tok/s 0.61 TFLOP/s
[step    6150/1000000] loss=1.0257 grad_norm=2.2009 lr=6.00e-04 19,340 tok/s 0.69 TFLOP/s
[step    6175/1000000] loss=1.1515 grad_norm=2.3868 lr=6.00e-04 20,573 tok/s 0.73 TFLOP/s
[step    6200/1000000] loss=0.8234 grad_norm=1.7943 lr=6.00e-04 19,619 tok/s 0.70 TFLOP/s
[step    6225/1000000] loss=1.0557 grad_norm=2.4875 lr=6.00e-04 17,000 tok/s 0.61 TFLOP/s
[step    6250/1000000] loss=0.9733 grad_norm=2.3971 lr=6.00e-04 17,186 tok/s 0.61 TFLOP/s
[step    6275/1000000] loss=1.1941 grad_norm=2.3146 lr=6.00e-04 17,307 tok/s 0.62 TFLOP/s
[step    6300/1000000] loss=1.0833 grad_norm=2.2994 lr=6.00e-04 16,827 tok/s 0.60 TFLOP/s
[step    6325/1000000] loss=0.9048 grad_norm=2.3485 lr=6.00e-04 14,332 tok/s 0.51 TFLOP/s
[step    6350/1000000] loss=1.2359 grad_norm=2.2143 lr=6.00e-04 15,154 tok/s 0.54 TFLOP/s
[step    6375/1000000] loss=1.0447 grad_norm=2.4279 lr=6.00e-04 14,941 tok/s 0.53 TFLOP/s
[step    6400/1000000] loss=1.0109 grad_norm=2.1132 lr=6.00e-04 14,847 tok/s 0.53 TFLOP/s
[step    6425/1000000] loss=1.0455 grad_norm=2.2250 lr=6.00e-04 15,867 tok/s 0.57 TFLOP/s
[step    6450/1000000] loss=0.9859 grad_norm=1.9572 lr=6.00e-04 19,240 tok/s 0.69 TFLOP/s
[step    6475/1000000] loss=0.9751 grad_norm=2.3680 lr=6.00e-04 18,876 tok/s 0.67 TFLOP/s
[step    6500/1000000] loss=0.8950 grad_norm=2.2587 lr=6.00e-04 20,858 tok/s 0.74 TFLOP/s
[step    6525/1000000] loss=0.8705 grad_norm=1.9985 lr=6.00e-04 17,017 tok/s 0.61 TFLOP/s
[step    6550/1000000] loss=0.9379 grad_norm=2.0622 lr=6.00e-04 20,708 tok/s 0.74 TFLOP/s
[step    6575/1000000] loss=0.9428 grad_norm=2.0524 lr=6.00e-04 20,838 tok/s 0.74 TFLOP/s
[step    6600/1000000] loss=1.0175 grad_norm=2.3268 lr=6.00e-04 20,360 tok/s 0.73 TFLOP/s
[step    6625/1000000] loss=0.8348 grad_norm=2.0718 lr=6.00e-04 18,430 tok/s 0.66 TFLOP/s
[step    6650/1000000] loss=0.9204 grad_norm=2.1497 lr=6.00e-04 15,825 tok/s 0.56 TFLOP/s
[step    6675/1000000] loss=0.8661 grad_norm=1.8831 lr=6.00e-04 16,628 tok/s 0.59 TFLOP/s
[step    6700/1000000] loss=0.8251 grad_norm=1.9339 lr=6.00e-04 17,618 tok/s 0.63 TFLOP/s
[step    6725/1000000] loss=1.0349 grad_norm=2.1286 lr=6.00e-04 16,880 tok/s 0.60 TFLOP/s
[step    6750/1000000] loss=1.2047 grad_norm=2.4557 lr=6.00e-04 15,803 tok/s 0.56 TFLOP/s
[step    6775/1000000] loss=0.9889 grad_norm=2.3713 lr=6.00e-04 14,931 tok/s 0.53 TFLOP/s
[step    6800/1000000] loss=1.1284 grad_norm=2.4831 lr=6.00e-04 14,177 tok/s 0.51 TFLOP/s
[step    6825/1000000] loss=0.9860 grad_norm=2.0256 lr=6.00e-04 14,624 tok/s 0.52 TFLOP/s
[step    6850/1000000] loss=0.8978 grad_norm=2.1849 lr=6.00e-04 13,541 tok/s 0.48 TFLOP/s
[step    6875/1000000] loss=0.9727 grad_norm=2.0359 lr=6.00e-04 14,995 tok/s 0.54 TFLOP/s
[step    6900/1000000] loss=1.0594 grad_norm=2.0570 lr=6.00e-04 15,582 tok/s 0.56 TFLOP/s
[step    6925/1000000] loss=0.9256 grad_norm=2.4332 lr=6.00e-04 13,937 tok/s 0.50 TFLOP/s
[step    6950/1000000] loss=0.8501 grad_norm=2.1189 lr=6.00e-04 18,265 tok/s 0.65 TFLOP/s
[step    6975/1000000] loss=0.8920 grad_norm=1.8115 lr=6.00e-04 20,724 tok/s 0.74 TFLOP/s
[step    7000/1000000] loss=0.8496 grad_norm=1.7127 lr=6.00e-04 19,419 tok/s 0.69 TFLOP/s
[step    7025/1000000] loss=0.7798 grad_norm=2.0426 lr=6.00e-04 17,625 tok/s 0.63 TFLOP/s
[step    7050/1000000] loss=0.7778 grad_norm=2.2205 lr=6.00e-04 19,662 tok/s 0.70 TFLOP/s
[step    7075/1000000] loss=1.0199 grad_norm=2.3209 lr=6.00e-04 19,771 tok/s 0.71 TFLOP/s
[step    7100/1000000] loss=0.8679 grad_norm=1.9650 lr=6.00e-04 17,251 tok/s 0.62 TFLOP/s
[step    7125/1000000] loss=0.8208 grad_norm=2.0369 lr=6.00e-04 16,866 tok/s 0.60 TFLOP/s
[step    7150/1000000] loss=0.9626 grad_norm=2.4250 lr=6.00e-04 15,558 tok/s 0.56 TFLOP/s
[step    7175/1000000] loss=0.8849 grad_norm=2.1315 lr=6.00e-04 14,828 tok/s 0.53 TFLOP/s
[step    7200/1000000] loss=0.7893 grad_norm=2.3274 lr=6.00e-04 14,744 tok/s 0.53 TFLOP/s
[step    7225/1000000] loss=0.8802 grad_norm=2.4611 lr=6.00e-04 14,580 tok/s 0.52 TFLOP/s
[step    7250/1000000] loss=0.8631 grad_norm=1.8086 lr=6.00e-04 15,765 tok/s 0.56 TFLOP/s
[step    7275/1000000] loss=0.8719 grad_norm=2.0672 lr=6.00e-04 14,347 tok/s 0.51 TFLOP/s
[step    7300/1000000] loss=0.7661 grad_norm=1.9887 lr=6.00e-04 14,968 tok/s 0.53 TFLOP/s
[step    7325/1000000] loss=0.8878 grad_norm=2.3178 lr=6.00e-04 17,467 tok/s 0.62 TFLOP/s
[step    7350/1000000] loss=0.9069 grad_norm=2.6632 lr=6.00e-04 17,656 tok/s 0.63 TFLOP/s
[step    7375/1000000] loss=0.9021 grad_norm=2.1061 lr=6.00e-04 20,901 tok/s 0.75 TFLOP/s
[step    7400/1000000] loss=1.0441 grad_norm=2.5961 lr=6.00e-04 20,638 tok/s 0.74 TFLOP/s
[step    7425/1000000] loss=0.7785 grad_norm=1.8937 lr=6.00e-04 20,223 tok/s 0.72 TFLOP/s
[step    7450/1000000] loss=0.8348 grad_norm=2.2719 lr=6.00e-04 20,885 tok/s 0.75 TFLOP/s
[step    7475/1000000] loss=0.8267 grad_norm=1.9925 lr=6.00e-04 20,245 tok/s 0.72 TFLOP/s
[step    7500/1000000] loss=0.6980 grad_norm=2.0731 lr=6.00e-04 20,355 tok/s 0.73 TFLOP/s
[step    7525/1000000] loss=0.8045 grad_norm=2.0594 lr=6.00e-04 15,987 tok/s 0.57 TFLOP/s
[step    7550/1000000] loss=0.7854 grad_norm=2.0459 lr=6.00e-04 17,199 tok/s 0.61 TFLOP/s
[step    7575/1000000] loss=0.8394 grad_norm=2.1045 lr=6.00e-04 13,854 tok/s 0.49 TFLOP/s
[step    7600/1000000] loss=0.8062 grad_norm=2.3175 lr=6.00e-04 14,117 tok/s 0.50 TFLOP/s
[step    7625/1000000] loss=0.6391 grad_norm=1.8301 lr=6.00e-04 16,103 tok/s 0.57 TFLOP/s
[step    7650/1000000] loss=0.7658 grad_norm=1.8071 lr=6.00e-04 14,792 tok/s 0.53 TFLOP/s
[step    7675/1000000] loss=0.8579 grad_norm=2.1493 lr=6.00e-04 14,033 tok/s 0.50 TFLOP/s
[step    7700/1000000] loss=0.8515 grad_norm=1.9206 lr=6.00e-04 13,537 tok/s 0.48 TFLOP/s
[step    7725/1000000] loss=0.7457 grad_norm=1.9340 lr=6.00e-04 13,979 tok/s 0.50 TFLOP/s
[step    7750/1000000] loss=0.9073 grad_norm=1.9816 lr=6.00e-04 16,194 tok/s 0.58 TFLOP/s
[step    7775/1000000] loss=0.7049 grad_norm=2.0629 lr=6.00e-04 20,732 tok/s 0.74 TFLOP/s
[step    7800/1000000] loss=0.8293 grad_norm=2.1781 lr=6.00e-04 20,080 tok/s 0.72 TFLOP/s
[step    7825/1000000] loss=0.8521 grad_norm=2.1140 lr=6.00e-04 19,615 tok/s 0.70 TFLOP/s
[step    7850/1000000] loss=1.0620 grad_norm=2.2364 lr=6.00e-04 19,720 tok/s 0.70 TFLOP/s
[step    7875/1000000] loss=1.0195 grad_norm=2.6200 lr=6.00e-04 19,519 tok/s 0.70 TFLOP/s
[step    7900/1000000] loss=0.9321 grad_norm=1.9187 lr=6.00e-04 20,053 tok/s 0.72 TFLOP/s
[step    7925/1000000] loss=0.9178 grad_norm=2.0001 lr=6.00e-04 19,284 tok/s 0.69 TFLOP/s
[step    7950/1000000] loss=0.7530 grad_norm=2.2784 lr=6.00e-04 18,907 tok/s 0.67 TFLOP/s
[step    7975/1000000] loss=0.8533 grad_norm=2.2624 lr=6.00e-04 15,588 tok/s 0.56 TFLOP/s
[step    8000/1000000] loss=0.8113 grad_norm=2.1818 lr=6.00e-04 15,006 tok/s 0.54 TFLOP/s
[step    8025/1000000] loss=0.8317 grad_norm=2.0641 lr=6.00e-04 12,787 tok/s 0.46 TFLOP/s
[step    8050/1000000] loss=0.9094 grad_norm=2.3153 lr=6.00e-04 15,406 tok/s 0.55 TFLOP/s
[step    8075/1000000] loss=0.9083 grad_norm=2.0888 lr=6.00e-04 14,817 tok/s 0.53 TFLOP/s
[step    8100/1000000] loss=1.0015 grad_norm=2.1643 lr=6.00e-04 15,354 tok/s 0.55 TFLOP/s
[step    8125/1000000] loss=0.7982 grad_norm=2.0401 lr=6.00e-04 15,016 tok/s 0.54 TFLOP/s
[step    8150/1000000] loss=0.6894 grad_norm=2.0358 lr=6.00e-04 15,648 tok/s 0.56 TFLOP/s
[step    8175/1000000] loss=0.7871 grad_norm=2.0783 lr=6.00e-04 16,247 tok/s 0.58 TFLOP/s
[step    8200/1000000] loss=0.7552 grad_norm=2.0894 lr=6.00e-04 19,960 tok/s 0.71 TFLOP/s
[step    8225/1000000] loss=0.8323 grad_norm=2.1471 lr=6.00e-04 19,829 tok/s 0.71 TFLOP/s
[step    8250/1000000] loss=0.8907 grad_norm=2.2226 lr=6.00e-04 20,568 tok/s 0.73 TFLOP/s
[step    8275/1000000] loss=0.7831 grad_norm=1.9131 lr=6.00e-04 19,660 tok/s 0.70 TFLOP/s
[step    8300/1000000] loss=0.8242 grad_norm=1.8615 lr=6.00e-04 21,022 tok/s 0.75 TFLOP/s
[step    8325/1000000] loss=0.6789 grad_norm=2.0422 lr=6.00e-04 20,709 tok/s 0.74 TFLOP/s
[step    8350/1000000] loss=0.8421 grad_norm=2.2746 lr=6.00e-04 20,133 tok/s 0.72 TFLOP/s
[step    8375/1000000] loss=0.7754 grad_norm=1.9475 lr=6.00e-04 15,991 tok/s 0.57 TFLOP/s
[step    8400/1000000] loss=0.7146 grad_norm=2.1723 lr=6.00e-04 18,266 tok/s 0.65 TFLOP/s
[step    8425/1000000] loss=0.8503 grad_norm=2.2168 lr=6.00e-04 13,916 tok/s 0.50 TFLOP/s
[step    8450/1000000] loss=0.8469 grad_norm=1.9884 lr=6.00e-04 13,908 tok/s 0.50 TFLOP/s
[step    8475/1000000] loss=0.7541 grad_norm=1.9816 lr=6.00e-04 14,384 tok/s 0.51 TFLOP/s
[step    8500/1000000] loss=0.7303 grad_norm=1.8897 lr=6.00e-04 13,587 tok/s 0.48 TFLOP/s
[step    8525/1000000] loss=0.8669 grad_norm=2.1903 lr=6.00e-04 13,232 tok/s 0.47 TFLOP/s
[step    8550/1000000] loss=0.8674 grad_norm=2.5167 lr=6.00e-04 15,584 tok/s 0.56 TFLOP/s
[step    8575/1000000] loss=0.8364 grad_norm=2.0884 lr=6.00e-04 19,392 tok/s 0.69 TFLOP/s
[step    8600/1000000] loss=0.8272 grad_norm=1.9639 lr=6.00e-04 17,618 tok/s 0.63 TFLOP/s
[step    8625/1000000] loss=0.8350 grad_norm=2.1768 lr=6.00e-04 19,478 tok/s 0.70 TFLOP/s
[step    8650/1000000] loss=0.6886 grad_norm=2.1462 lr=6.00e-04 20,023 tok/s 0.71 TFLOP/s
[step    8675/1000000] loss=0.7734 grad_norm=2.1509 lr=6.00e-04 19,999 tok/s 0.71 TFLOP/s
[step    8700/1000000] loss=0.8415 grad_norm=2.1354 lr=6.00e-04 19,439 tok/s 0.69 TFLOP/s
[step    8725/1000000] loss=0.6328 grad_norm=2.0984 lr=6.00e-04 20,307 tok/s 0.72 TFLOP/s
[step    8750/1000000] loss=0.7879 grad_norm=2.0926 lr=6.00e-04 14,187 tok/s 0.51 TFLOP/s
[step    8775/1000000] loss=0.7722 grad_norm=2.4018 lr=6.00e-04 19,376 tok/s 0.69 TFLOP/s
[step    8800/1000000] loss=0.5796 grad_norm=1.8341 lr=6.00e-04 18,900 tok/s 0.67 TFLOP/s
[step    8825/1000000] loss=0.7490 grad_norm=1.9562 lr=6.00e-04 16,403 tok/s 0.59 TFLOP/s
[step    8850/1000000] loss=0.5257 grad_norm=1.9076 lr=6.00e-04 15,002 tok/s 0.54 TFLOP/s
[step    8875/1000000] loss=0.6148 grad_norm=1.9932 lr=6.00e-04 15,753 tok/s 0.56 TFLOP/s
[step    8900/1000000] loss=0.7812 grad_norm=2.1260 lr=6.00e-04 15,315 tok/s 0.55 TFLOP/s
[step    8925/1000000] loss=0.7258 grad_norm=2.1639 lr=6.00e-04 15,397 tok/s 0.55 TFLOP/s
[step    8950/1000000] loss=0.8449 grad_norm=1.9817 lr=6.00e-04 15,616 tok/s 0.56 TFLOP/s
[step    8975/1000000] loss=0.5212 grad_norm=1.8437 lr=6.00e-04 18,520 tok/s 0.66 TFLOP/s
[step    9000/1000000] loss=0.9273 grad_norm=1.9488 lr=6.00e-04 15,739 tok/s 0.56 TFLOP/s
[step    9025/1000000] loss=0.6675 grad_norm=1.9308 lr=6.00e-04 15,495 tok/s 0.55 TFLOP/s
[step    9050/1000000] loss=0.7122 grad_norm=2.1642 lr=6.00e-04 16,117 tok/s 0.58 TFLOP/s
[step    9075/1000000] loss=0.7947 grad_norm=2.2260 lr=6.00e-04 18,715 tok/s 0.67 TFLOP/s
[step    9100/1000000] loss=0.7057 grad_norm=2.1290 lr=6.00e-04 19,843 tok/s 0.71 TFLOP/s
[step    9125/1000000] loss=0.9228 grad_norm=2.3128 lr=6.00e-04 20,343 tok/s 0.73 TFLOP/s
[step    9150/1000000] loss=0.6001 grad_norm=1.8517 lr=6.00e-04 17,998 tok/s 0.64 TFLOP/s
[step    9175/1000000] loss=0.7159 grad_norm=2.1370 lr=6.00e-04 16,817 tok/s 0.60 TFLOP/s
[step    9200/1000000] loss=0.6453 grad_norm=1.9311 lr=6.00e-04 16,563 tok/s 0.59 TFLOP/s
[step    9225/1000000] loss=0.9570 grad_norm=2.1065 lr=6.00e-04 16,552 tok/s 0.59 TFLOP/s
[step    9250/1000000] loss=0.6297 grad_norm=1.8438 lr=6.00e-04 14,896 tok/s 0.53 TFLOP/s
[step    9275/1000000] loss=0.5595 grad_norm=2.1673 lr=6.00e-04 14,401 tok/s 0.51 TFLOP/s
[step    9300/1000000] loss=0.8783 grad_norm=2.2441 lr=6.00e-04 14,611 tok/s 0.52 TFLOP/s
[step    9325/1000000] loss=0.6457 grad_norm=2.0022 lr=6.00e-04 13,827 tok/s 0.49 TFLOP/s
[step    9350/1000000] loss=0.6455 grad_norm=1.8418 lr=6.00e-04 15,070 tok/s 0.54 TFLOP/s
[step    9375/1000000] loss=0.7449 grad_norm=2.1798 lr=6.00e-04 19,428 tok/s 0.69 TFLOP/s
[step    9400/1000000] loss=0.7420 grad_norm=2.2150 lr=6.00e-04 18,257 tok/s 0.65 TFLOP/s
[step    9425/1000000] loss=0.7759 grad_norm=2.0350 lr=6.00e-04 17,910 tok/s 0.64 TFLOP/s
[step    9450/1000000] loss=0.6690 grad_norm=2.0632 lr=6.00e-04 17,426 tok/s 0.62 TFLOP/s
[step    9475/1000000] loss=0.7492 grad_norm=1.9997 lr=6.00e-04 17,928 tok/s 0.64 TFLOP/s
[step    9500/1000000] loss=0.6947 grad_norm=2.0382 lr=6.00e-04 17,610 tok/s 0.63 TFLOP/s
[step    9525/1000000] loss=0.6757 grad_norm=2.0987 lr=6.00e-04 17,026 tok/s 0.61 TFLOP/s
[step    9550/1000000] loss=0.7613 grad_norm=1.8005 lr=6.00e-04 16,732 tok/s 0.60 TFLOP/s
[step    9575/1000000] loss=0.7557 grad_norm=2.2820 lr=6.00e-04 17,576 tok/s 0.63 TFLOP/s
[step    9600/1000000] loss=0.9631 grad_norm=2.3061 lr=6.00e-04 16,530 tok/s 0.59 TFLOP/s
[step    9625/1000000] loss=0.7734 grad_norm=2.1527 lr=6.00e-04 18,588 tok/s 0.66 TFLOP/s
[step    9650/1000000] loss=0.7536 grad_norm=2.2064 lr=6.00e-04 17,298 tok/s 0.62 TFLOP/s
[step    9675/1000000] loss=0.6921 grad_norm=2.0962 lr=6.00e-04 17,971 tok/s 0.64 TFLOP/s
[step    9700/1000000] loss=0.8532 grad_norm=1.8706 lr=6.00e-04 16,861 tok/s 0.60 TFLOP/s
[step    9725/1000000] loss=0.6559 grad_norm=2.0043 lr=6.00e-04 16,847 tok/s 0.60 TFLOP/s
[step    9750/1000000] loss=0.8229 grad_norm=2.1642 lr=6.00e-04 15,879 tok/s 0.57 TFLOP/s
[step    9775/1000000] loss=0.6675 grad_norm=2.0036 lr=6.00e-04 17,526 tok/s 0.63 TFLOP/s
[step    9800/1000000] loss=0.8603 grad_norm=2.2694 lr=6.00e-04 17,293 tok/s 0.62 TFLOP/s
[step    9825/1000000] loss=0.6093 grad_norm=1.8537 lr=6.00e-04 16,643 tok/s 0.59 TFLOP/s
[step    9850/1000000] loss=0.7131 grad_norm=2.0266 lr=6.00e-04 16,043 tok/s 0.57 TFLOP/s
[step    9875/1000000] loss=0.6733 grad_norm=1.9917 lr=6.00e-04 16,406 tok/s 0.59 TFLOP/s
[step    9900/1000000] loss=0.5587 grad_norm=1.7406 lr=6.00e-04 16,431 tok/s 0.59 TFLOP/s
[step    9925/1000000] loss=0.5130 grad_norm=1.9365 lr=6.00e-04 16,248 tok/s 0.58 TFLOP/s
[step    9950/1000000] loss=0.6980 grad_norm=2.1008 lr=6.00e-04 17,584 tok/s 0.63 TFLOP/s
[step    9975/1000000] loss=0.9131 grad_norm=2.4325 lr=6.00e-04 17,617 tok/s 0.63 TFLOP/s
[step   10000/1000000] loss=0.6432 grad_norm=1.9775 lr=6.00e-04 15,203 tok/s 0.54 TFLOP/s
[step   10025/1000000] loss=0.5869 grad_norm=2.0649 lr=6.00e-04 13,971 tok/s 0.50 TFLOP/s
[step   10050/1000000] loss=0.6113 grad_norm=1.8365 lr=6.00e-04 17,631 tok/s 0.63 TFLOP/s
[step   10075/1000000] loss=0.9566 grad_norm=2.2414 lr=6.00e-04 16,615 tok/s 0.59 TFLOP/s
[step   10100/1000000] loss=0.6429 grad_norm=2.6309 lr=6.00e-04 15,213 tok/s 0.54 TFLOP/s
[step   10125/1000000] loss=0.7654 grad_norm=2.1739 lr=6.00e-04 14,475 tok/s 0.52 TFLOP/s
[step   10150/1000000] loss=0.5093 grad_norm=2.0458 lr=6.00e-04 18,716 tok/s 0.67 TFLOP/s
[step   10175/1000000] loss=0.9096 grad_norm=2.3263 lr=6.00e-04 18,935 tok/s 0.68 TFLOP/s
[step   10200/1000000] loss=0.6675 grad_norm=1.9428 lr=6.00e-04 18,390 tok/s 0.66 TFLOP/s
[step   10225/1000000] loss=0.7818 grad_norm=2.1161 lr=6.00e-04 16,895 tok/s 0.60 TFLOP/s
[step   10250/1000000] loss=0.6197 grad_norm=2.2493 lr=6.00e-04 18,150 tok/s 0.65 TFLOP/s
[step   10275/1000000] loss=0.6453 grad_norm=2.1185 lr=6.00e-04 16,947 tok/s 0.60 TFLOP/s
[step   10300/1000000] loss=0.5949 grad_norm=2.0044 lr=6.00e-04 17,710 tok/s 0.63 TFLOP/s
[step   10325/1000000] loss=0.6413 grad_norm=1.8229 lr=6.00e-04 18,461 tok/s 0.66 TFLOP/s
[step   10350/1000000] loss=0.6980 grad_norm=2.1448 lr=6.00e-04 16,536 tok/s 0.59 TFLOP/s
[step   10375/1000000] loss=0.5846 grad_norm=1.8817 lr=6.00e-04 14,496 tok/s 0.52 TFLOP/s
[step   10400/1000000] loss=0.4709 grad_norm=1.9028 lr=6.00e-04 16,124 tok/s 0.58 TFLOP/s
[step   10425/1000000] loss=0.5618 grad_norm=1.9586 lr=6.00e-04 17,021 tok/s 0.61 TFLOP/s
[step   10450/1000000] loss=0.6755 grad_norm=2.1360 lr=6.00e-04 14,000 tok/s 0.50 TFLOP/s
[step   10475/1000000] loss=0.7450 grad_norm=2.3291 lr=6.00e-04 17,709 tok/s 0.63 TFLOP/s
[step   10500/1000000] loss=0.4643 grad_norm=2.0392 lr=6.00e-04 20,997 tok/s 0.75 TFLOP/s
[step   10525/1000000] loss=0.8099 grad_norm=2.4020 lr=6.00e-04 15,585 tok/s 0.56 TFLOP/s
[step   10550/1000000] loss=0.6498 grad_norm=2.1703 lr=6.00e-04 17,334 tok/s 0.62 TFLOP/s
[step   10575/1000000] loss=0.6404 grad_norm=2.1196 lr=6.00e-04 19,719 tok/s 0.70 TFLOP/s
[step   10600/1000000] loss=0.4854 grad_norm=1.8089 lr=6.00e-04 20,134 tok/s 0.72 TFLOP/s
[step   10625/1000000] loss=0.5905 grad_norm=1.8852 lr=6.00e-04 18,435 tok/s 0.66 TFLOP/s
[step   10650/1000000] loss=0.6086 grad_norm=2.2418 lr=6.00e-04 15,678 tok/s 0.56 TFLOP/s
[step   10675/1000000] loss=0.8295 grad_norm=2.2313 lr=6.00e-04 16,677 tok/s 0.60 TFLOP/s
[step   10700/1000000] loss=0.6129 grad_norm=2.1483 lr=6.00e-04 18,369 tok/s 0.66 TFLOP/s
[step   10725/1000000] loss=0.7890 grad_norm=2.0845 lr=6.00e-04 16,688 tok/s 0.60 TFLOP/s
[step   10750/1000000] loss=0.6070 grad_norm=1.9910 lr=6.00e-04 17,071 tok/s 0.61 TFLOP/s
[step   10775/1000000] loss=0.5756 grad_norm=2.0098 lr=6.00e-04 13,964 tok/s 0.50 TFLOP/s
[step   10800/1000000] loss=0.7066 grad_norm=2.4607 lr=6.00e-04 15,237 tok/s 0.54 TFLOP/s
[step   10825/1000000] loss=0.7145 grad_norm=2.1313 lr=6.00e-04 15,496 tok/s 0.55 TFLOP/s
[step   10850/1000000] loss=0.7015 grad_norm=2.1367 lr=6.00e-04 15,206 tok/s 0.54 TFLOP/s
[step   10875/1000000] loss=0.6347 grad_norm=1.9064 lr=6.00e-04 18,998 tok/s 0.68 TFLOP/s
[step   10900/1000000] loss=0.5811 grad_norm=1.7496 lr=6.00e-04 15,509 tok/s 0.55 TFLOP/s
[step   10925/1000000] loss=0.6785 grad_norm=2.0470 lr=6.00e-04 15,786 tok/s 0.56 TFLOP/s
[step   10950/1000000] loss=0.7145 grad_norm=2.5943 lr=6.00e-04 14,691 tok/s 0.52 TFLOP/s
[step   10975/1000000] loss=0.5310 grad_norm=1.8305 lr=6.00e-04 20,121 tok/s 0.72 TFLOP/s
[step   11000/1000000] loss=0.5987 grad_norm=2.0310 lr=6.00e-04 20,266 tok/s 0.72 TFLOP/s
[step   11025/1000000] loss=0.7257 grad_norm=2.0480 lr=6.00e-04 17,885 tok/s 0.64 TFLOP/s
[step   11050/1000000] loss=0.6022 grad_norm=1.9881 lr=6.00e-04 19,033 tok/s 0.68 TFLOP/s
[step   11075/1000000] loss=0.5309 grad_norm=1.7010 lr=6.00e-04 18,196 tok/s 0.65 TFLOP/s
[step   11100/1000000] loss=0.7035 grad_norm=2.2951 lr=6.00e-04 19,526 tok/s 0.70 TFLOP/s
[step   11125/1000000] loss=0.6739 grad_norm=2.2343 lr=6.00e-04 19,310 tok/s 0.69 TFLOP/s
[step   11150/1000000] loss=0.5809 grad_norm=2.0258 lr=6.00e-04 16,173 tok/s 0.58 TFLOP/s
[step   11175/1000000] loss=0.5344 grad_norm=2.1739 lr=6.00e-04 14,921 tok/s 0.53 TFLOP/s
[step   11200/1000000] loss=0.7349 grad_norm=2.1818 lr=6.00e-04 14,598 tok/s 0.52 TFLOP/s
[step   11225/1000000] loss=0.5250 grad_norm=1.9079 lr=6.00e-04 14,665 tok/s 0.52 TFLOP/s
[step   11250/1000000] loss=0.6679 grad_norm=2.2540 lr=6.00e-04 14,681 tok/s 0.52 TFLOP/s
[step   11275/1000000] loss=0.5112 grad_norm=1.9373 lr=6.00e-04 15,506 tok/s 0.55 TFLOP/s
[step   11300/1000000] loss=0.5978 grad_norm=1.9143 lr=6.00e-04 18,265 tok/s 0.65 TFLOP/s
[step   11325/1000000] loss=0.5865 grad_norm=2.1672 lr=6.00e-04 18,659 tok/s 0.67 TFLOP/s
[step   11350/1000000] loss=0.5771 grad_norm=1.9840 lr=6.00e-04 17,553 tok/s 0.63 TFLOP/s
[step   11375/1000000] loss=0.5903 grad_norm=2.0545 lr=6.00e-04 20,281 tok/s 0.72 TFLOP/s
[step   11400/1000000] loss=0.6545 grad_norm=2.1916 lr=6.00e-04 20,764 tok/s 0.74 TFLOP/s
[step   11425/1000000] loss=0.5623 grad_norm=2.0309 lr=6.00e-04 20,176 tok/s 0.72 TFLOP/s
[step   11450/1000000] loss=0.5849 grad_norm=2.0208 lr=6.00e-04 19,521 tok/s 0.70 TFLOP/s
[step   11475/1000000] loss=0.7336 grad_norm=2.4183 lr=6.00e-04 19,826 tok/s 0.71 TFLOP/s
[step   11500/1000000] loss=0.5781 grad_norm=2.0316 lr=6.00e-04 20,061 tok/s 0.72 TFLOP/s
[step   11525/1000000] loss=0.6912 grad_norm=2.1078 lr=6.00e-04 14,970 tok/s 0.53 TFLOP/s
[step   11550/1000000] loss=0.5958 grad_norm=2.1306 lr=6.00e-04 16,807 tok/s 0.60 TFLOP/s
[step   11575/1000000] loss=0.6622 grad_norm=1.9673 lr=6.00e-04 14,332 tok/s 0.51 TFLOP/s
[step   11600/1000000] loss=0.5814 grad_norm=1.9868 lr=6.00e-04 14,236 tok/s 0.51 TFLOP/s
[step   11625/1000000] loss=0.6836 grad_norm=2.1970 lr=6.00e-04 13,748 tok/s 0.49 TFLOP/s
[step   11650/1000000] loss=0.5444 grad_norm=2.0597 lr=6.00e-04 13,386 tok/s 0.48 TFLOP/s
[step   11675/1000000] loss=0.4880 grad_norm=2.0948 lr=6.00e-04 14,119 tok/s 0.50 TFLOP/s
[step   11700/1000000] loss=0.6631 grad_norm=2.3725 lr=6.00e-04 14,669 tok/s 0.52 TFLOP/s
[step   11725/1000000] loss=0.5939 grad_norm=2.0629 lr=6.00e-04 14,348 tok/s 0.51 TFLOP/s
[step   11750/1000000] loss=0.6025 grad_norm=2.1923 lr=6.00e-04 19,048 tok/s 0.68 TFLOP/s
[step   11775/1000000] loss=0.5644 grad_norm=1.8334 lr=6.00e-04 19,806 tok/s 0.71 TFLOP/s
[step   11800/1000000] loss=0.4759 grad_norm=1.7580 lr=6.00e-04 20,061 tok/s 0.72 TFLOP/s
[step   11825/1000000] loss=0.6841 grad_norm=2.3882 lr=6.00e-04 19,415 tok/s 0.69 TFLOP/s
[step   11850/1000000] loss=0.5803 grad_norm=1.8629 lr=6.00e-04 20,317 tok/s 0.73 TFLOP/s
[step   11875/1000000] loss=0.4499 grad_norm=1.8887 lr=6.00e-04 20,446 tok/s 0.73 TFLOP/s
[step   11900/1000000] loss=0.6347 grad_norm=2.3684 lr=6.00e-04 19,979 tok/s 0.71 TFLOP/s
[step   11925/1000000] loss=0.7667 grad_norm=2.4848 lr=6.00e-04 19,516 tok/s 0.70 TFLOP/s
[step   11950/1000000] loss=0.5062 grad_norm=1.9604 lr=6.00e-04 17,550 tok/s 0.63 TFLOP/s
[step   11975/1000000] loss=0.5420 grad_norm=2.1875 lr=6.00e-04 13,613 tok/s 0.49 TFLOP/s
[step   12000/1000000] loss=0.7121 grad_norm=2.1193 lr=6.00e-04 14,161 tok/s 0.51 TFLOP/s
[step   12025/1000000] loss=0.5656 grad_norm=1.9716 lr=6.00e-04 13,970 tok/s 0.50 TFLOP/s
[step   12050/1000000] loss=0.5844 grad_norm=2.0459 lr=6.00e-04 15,033 tok/s 0.54 TFLOP/s
[step   12075/1000000] loss=0.7726 grad_norm=2.5497 lr=6.00e-04 14,560 tok/s 0.52 TFLOP/s
[step   12100/1000000] loss=0.6662 grad_norm=2.2166 lr=6.00e-04 15,008 tok/s 0.54 TFLOP/s
[step   12125/1000000] loss=0.5346 grad_norm=1.8397 lr=6.00e-04 14,867 tok/s 0.53 TFLOP/s
[step   12150/1000000] loss=0.5110 grad_norm=2.0348 lr=6.00e-04 15,793 tok/s 0.56 TFLOP/s
[step   12175/1000000] loss=0.6023 grad_norm=2.1997 lr=6.00e-04 19,536 tok/s 0.70 TFLOP/s
[step   12200/1000000] loss=0.5522 grad_norm=1.9797 lr=6.00e-04 20,376 tok/s 0.73 TFLOP/s
[step   12225/1000000] loss=0.6655 grad_norm=2.0359 lr=6.00e-04 21,104 tok/s 0.75 TFLOP/s
[step   12250/1000000] loss=0.6311 grad_norm=2.0764 lr=6.00e-04 20,676 tok/s 0.74 TFLOP/s
[step   12275/1000000] loss=0.8035 grad_norm=2.6027 lr=6.00e-04 20,756 tok/s 0.74 TFLOP/s
[step   12300/1000000] loss=0.6480 grad_norm=2.1210 lr=6.00e-04 20,786 tok/s 0.74 TFLOP/s
[step   12325/1000000] loss=0.5146 grad_norm=1.9944 lr=6.00e-04 20,447 tok/s 0.73 TFLOP/s
[step   12350/1000000] loss=0.7100 grad_norm=2.6865 lr=6.00e-04 20,210 tok/s 0.72 TFLOP/s
[step   12375/1000000] loss=0.6945 grad_norm=2.2200 lr=6.00e-04 14,199 tok/s 0.51 TFLOP/s
[step   12400/1000000] loss=0.5133 grad_norm=1.7953 lr=6.00e-04 14,661 tok/s 0.52 TFLOP/s
[step   12425/1000000] loss=0.7005 grad_norm=2.4077 lr=6.00e-04 13,958 tok/s 0.50 TFLOP/s
[step   12450/1000000] loss=0.7160 grad_norm=2.4702 lr=6.00e-04 14,803 tok/s 0.53 TFLOP/s
[step   12475/1000000] loss=0.5055 grad_norm=1.9819 lr=6.00e-04 15,790 tok/s 0.56 TFLOP/s
[step   12500/1000000] loss=0.5948 grad_norm=2.1450 lr=6.00e-04 15,092 tok/s 0.54 TFLOP/s
[step   12525/1000000] loss=0.5521 grad_norm=2.5302 lr=6.00e-04 12,619 tok/s 0.45 TFLOP/s
[step   12550/1000000] loss=0.6986 grad_norm=2.4007 lr=6.00e-04 14,884 tok/s 0.53 TFLOP/s
[step   12575/1000000] loss=0.8519 grad_norm=2.7387 lr=6.00e-04 17,195 tok/s 0.61 TFLOP/s
[step   12600/1000000] loss=0.7861 grad_norm=2.7107 lr=6.00e-04 16,096 tok/s 0.57 TFLOP/s
[step   12625/1000000] loss=0.6757 grad_norm=2.0093 lr=6.00e-04 19,139 tok/s 0.68 TFLOP/s
[step   12650/1000000] loss=0.6432 grad_norm=2.3090 lr=6.00e-04 19,727 tok/s 0.70 TFLOP/s
[step   12675/1000000] loss=0.5648 grad_norm=2.0876 lr=6.00e-04 20,856 tok/s 0.74 TFLOP/s
[step   12700/1000000] loss=0.7282 grad_norm=2.1914 lr=6.00e-04 19,689 tok/s 0.70 TFLOP/s
[step   12725/1000000] loss=0.7151 grad_norm=2.4114 lr=6.00e-04 20,910 tok/s 0.75 TFLOP/s
[step   12750/1000000] loss=0.5058 grad_norm=2.0564 lr=6.00e-04 20,307 tok/s 0.72 TFLOP/s
[step   12775/1000000] loss=0.6814 grad_norm=2.1946 lr=6.00e-04 18,572 tok/s 0.66 TFLOP/s
[step   12800/1000000] loss=0.6130 grad_norm=2.3180 lr=6.00e-04 20,062 tok/s 0.72 TFLOP/s
[step   12825/1000000] loss=0.5395 grad_norm=2.1902 lr=6.00e-04 15,074 tok/s 0.54 TFLOP/s
[step   12850/1000000] loss=0.6566 grad_norm=2.2875 lr=6.00e-04 14,289 tok/s 0.51 TFLOP/s
[step   12875/1000000] loss=0.5271 grad_norm=2.0077 lr=6.00e-04 15,012 tok/s 0.54 TFLOP/s
[step   12900/1000000] loss=0.5546 grad_norm=2.1304 lr=6.00e-04 15,307 tok/s 0.55 TFLOP/s
[step   12925/1000000] loss=0.5913 grad_norm=2.0426 lr=6.00e-04 14,933 tok/s 0.53 TFLOP/s
[step   12950/1000000] loss=0.6198 grad_norm=2.5023 lr=6.00e-04 13,976 tok/s 0.50 TFLOP/s
[step   12975/1000000] loss=0.6764 grad_norm=2.0139 lr=6.00e-04 16,545 tok/s 0.59 TFLOP/s
[step   13000/1000000] loss=0.5631 grad_norm=1.9885 lr=6.00e-04 19,162 tok/s 0.68 TFLOP/s
[step   13025/1000000] loss=0.7438 grad_norm=2.7515 lr=6.00e-04 16,844 tok/s 0.60 TFLOP/s
[step   13050/1000000] loss=0.5543 grad_norm=2.2173 lr=6.00e-04 17,853 tok/s 0.64 TFLOP/s
[step   13075/1000000] loss=0.6856 grad_norm=2.2319 lr=6.00e-04 20,033 tok/s 0.72 TFLOP/s
[step   13100/1000000] loss=0.6660 grad_norm=2.2159 lr=6.00e-04 20,175 tok/s 0.72 TFLOP/s
[step   13125/1000000] loss=0.6305 grad_norm=2.2988 lr=6.00e-04 20,181 tok/s 0.72 TFLOP/s
[step   13150/1000000] loss=0.6030 grad_norm=2.1320 lr=6.00e-04 20,252 tok/s 0.72 TFLOP/s
[step   13175/1000000] loss=0.6022 grad_norm=1.9907 lr=6.00e-04 13,591 tok/s 0.49 TFLOP/s
[step   13200/1000000] loss=0.6461 grad_norm=2.3624 lr=6.00e-04 14,896 tok/s 0.53 TFLOP/s
[step   13225/1000000] loss=0.6689 grad_norm=2.6822 lr=6.00e-04 14,970 tok/s 0.53 TFLOP/s
[step   13250/1000000] loss=0.5816 grad_norm=2.3448 lr=6.00e-04 14,766 tok/s 0.53 TFLOP/s
[step   13275/1000000] loss=0.7649 grad_norm=2.4563 lr=6.00e-04 15,038 tok/s 0.54 TFLOP/s
[step   13300/1000000] loss=0.5797 grad_norm=2.2772 lr=6.00e-04 15,799 tok/s 0.56 TFLOP/s
[step   13325/1000000] loss=0.6953 grad_norm=2.4902 lr=6.00e-04 14,244 tok/s 0.51 TFLOP/s
[step   13350/1000000] loss=0.6290 grad_norm=2.3102 lr=6.00e-04 15,436 tok/s 0.55 TFLOP/s
[step   13375/1000000] loss=0.6706 grad_norm=2.2478 lr=6.00e-04 17,995 tok/s 0.64 TFLOP/s
[step   13400/1000000] loss=0.4329 grad_norm=2.2811 lr=6.00e-04 17,410 tok/s 0.62 TFLOP/s
[step   13425/1000000] loss=0.6944 grad_norm=2.3280 lr=6.00e-04 16,568 tok/s 0.59 TFLOP/s
[step   13450/1000000] loss=0.4889 grad_norm=2.1149 lr=6.00e-04 17,245 tok/s 0.62 TFLOP/s
[step   13475/1000000] loss=0.5068 grad_norm=2.1367 lr=6.00e-04 18,322 tok/s 0.65 TFLOP/s
[step   13500/1000000] loss=0.5237 grad_norm=1.8784 lr=6.00e-04 16,596 tok/s 0.59 TFLOP/s
[step   13525/1000000] loss=0.6172 grad_norm=2.2186 lr=6.00e-04 16,168 tok/s 0.58 TFLOP/s
[step   13550/1000000] loss=0.5946 grad_norm=2.2699 lr=6.00e-04 17,908 tok/s 0.64 TFLOP/s
[step   13575/1000000] loss=0.6827 grad_norm=2.1856 lr=6.00e-04 16,008 tok/s 0.57 TFLOP/s
[step   13600/1000000] loss=0.5635 grad_norm=2.0816 lr=6.00e-04 13,896 tok/s 0.50 TFLOP/s
[step   13625/1000000] loss=0.8525 grad_norm=2.9785 lr=6.00e-04 16,016 tok/s 0.57 TFLOP/s
[step   13650/1000000] loss=0.7390 grad_norm=2.1530 lr=6.00e-04 20,513 tok/s 0.73 TFLOP/s
[step   13675/1000000] loss=0.4506 grad_norm=2.2028 lr=6.00e-04 14,368 tok/s 0.51 TFLOP/s
[step   13700/1000000] loss=0.5687 grad_norm=2.2595 lr=6.00e-04 16,421 tok/s 0.59 TFLOP/s
[step   13725/1000000] loss=0.5466 grad_norm=2.4008 lr=6.00e-04 17,715 tok/s 0.63 TFLOP/s
[step   13750/1000000] loss=0.5938 grad_norm=2.3643 lr=6.00e-04 16,207 tok/s 0.58 TFLOP/s
[step   13775/1000000] loss=0.4872 grad_norm=2.0119 lr=6.00e-04 17,893 tok/s 0.64 TFLOP/s
[step   13800/1000000] loss=0.8373 grad_norm=2.4704 lr=6.00e-04 16,966 tok/s 0.61 TFLOP/s
[step   13825/1000000] loss=0.6985 grad_norm=2.2337 lr=6.00e-04 17,624 tok/s 0.63 TFLOP/s
[step   13850/1000000] loss=0.6717 grad_norm=2.2696 lr=6.00e-04 17,814 tok/s 0.64 TFLOP/s
[step   13875/1000000] loss=0.5335 grad_norm=2.1471 lr=6.00e-04 16,777 tok/s 0.60 TFLOP/s
[step   13900/1000000] loss=0.7890 grad_norm=2.6634 lr=6.00e-04 17,377 tok/s 0.62 TFLOP/s
[step   13925/1000000] loss=0.6549 grad_norm=2.5652 lr=6.00e-04 19,008 tok/s 0.68 TFLOP/s
[step   13950/1000000] loss=0.7053 grad_norm=2.3675 lr=6.00e-04 15,856 tok/s 0.57 TFLOP/s
[step   13975/1000000] loss=0.5475 grad_norm=2.1451 lr=6.00e-04 14,479 tok/s 0.52 TFLOP/s
[step   14000/1000000] loss=0.6301 grad_norm=2.2880 lr=6.00e-04 16,024 tok/s 0.57 TFLOP/s
[step   14025/1000000] loss=0.4471 grad_norm=1.8876 lr=6.00e-04 12,504 tok/s 0.45 TFLOP/s
[step   14050/1000000] loss=0.5822 grad_norm=2.1261 lr=6.00e-04 15,834 tok/s 0.57 TFLOP/s
[step   14075/1000000] loss=0.4540 grad_norm=2.0866 lr=6.00e-04 14,121 tok/s 0.50 TFLOP/s
[step   14100/1000000] loss=0.5278 grad_norm=2.0946 lr=6.00e-04 14,968 tok/s 0.53 TFLOP/s
[step   14125/1000000] loss=0.6099 grad_norm=2.1689 lr=6.00e-04 15,850 tok/s 0.57 TFLOP/s
[step   14150/1000000] loss=0.5722 grad_norm=2.1952 lr=6.00e-04 17,027 tok/s 0.61 TFLOP/s
[step   14175/1000000] loss=0.6964 grad_norm=2.2305 lr=6.00e-04 19,521 tok/s 0.70 TFLOP/s
[step   14200/1000000] loss=0.6692 grad_norm=2.6560 lr=6.00e-04 17,901 tok/s 0.64 TFLOP/s
[step   14225/1000000] loss=0.4596 grad_norm=1.9125 lr=6.00e-04 16,790 tok/s 0.60 TFLOP/s
[step   14250/1000000] loss=0.6161 grad_norm=2.4467 lr=6.00e-04 18,640 tok/s 0.67 TFLOP/s
[step   14275/1000000] loss=0.5741 grad_norm=2.2887 lr=6.00e-04 16,820 tok/s 0.60 TFLOP/s
[step   14300/1000000] loss=0.6522 grad_norm=2.0728 lr=6.00e-04 17,727 tok/s 0.63 TFLOP/s
[step   14325/1000000] loss=0.6368 grad_norm=2.2903 lr=6.00e-04 16,309 tok/s 0.58 TFLOP/s
[step   14350/1000000] loss=0.5980 grad_norm=2.2110 lr=6.00e-04 15,068 tok/s 0.54 TFLOP/s
[step   14375/1000000] loss=0.5395 grad_norm=2.0875 lr=6.00e-04 15,598 tok/s 0.56 TFLOP/s
[step   14400/1000000] loss=0.5308 grad_norm=2.0235 lr=6.00e-04 15,745 tok/s 0.56 TFLOP/s
[step   14425/1000000] loss=0.6094 grad_norm=2.3622 lr=6.00e-04 16,539 tok/s 0.59 TFLOP/s
[step   14450/1000000] loss=0.6922 grad_norm=2.2821 lr=6.00e-04 16,381 tok/s 0.58 TFLOP/s
[step   14475/1000000] loss=0.5477 grad_norm=2.0755 lr=6.00e-04 20,907 tok/s 0.75 TFLOP/s
[step   14500/1000000] loss=0.4607 grad_norm=2.0402 lr=6.00e-04 20,960 tok/s 0.75 TFLOP/s
[step   14525/1000000] loss=0.6729 grad_norm=2.2301 lr=6.00e-04 13,156 tok/s 0.47 TFLOP/s
[step   14550/1000000] loss=0.5248 grad_norm=2.3293 lr=6.00e-04 17,568 tok/s 0.63 TFLOP/s
[step   14575/1000000] loss=0.5393 grad_norm=2.1300 lr=6.00e-04 20,651 tok/s 0.74 TFLOP/s
[step   14600/1000000] loss=0.7059 grad_norm=2.4669 lr=6.00e-04 20,118 tok/s 0.72 TFLOP/s
[step   14625/1000000] loss=0.5437 grad_norm=2.4378 lr=6.00e-04 18,580 tok/s 0.66 TFLOP/s
[step   14650/1000000] loss=0.5792 grad_norm=2.3459 lr=6.00e-04 18,240 tok/s 0.65 TFLOP/s
[step   14675/1000000] loss=0.5989 grad_norm=2.3898 lr=6.00e-04 16,595 tok/s 0.59 TFLOP/s
[step   14700/1000000] loss=0.6892 grad_norm=2.3763 lr=6.00e-04 17,331 tok/s 0.62 TFLOP/s
[step   14725/1000000] loss=0.5345 grad_norm=2.2894 lr=6.00e-04 17,232 tok/s 0.62 TFLOP/s
[step   14750/1000000] loss=0.4729 grad_norm=2.1118 lr=6.00e-04 18,228 tok/s 0.65 TFLOP/s
[step   14775/1000000] loss=0.7119 grad_norm=2.4441 lr=6.00e-04 14,105 tok/s 0.50 TFLOP/s
[step   14800/1000000] loss=0.6259 grad_norm=2.7832 lr=6.00e-04 14,811 tok/s 0.53 TFLOP/s
[step   14825/1000000] loss=0.6227 grad_norm=2.3487 lr=6.00e-04 14,503 tok/s 0.52 TFLOP/s
[step   14850/1000000] loss=0.6148 grad_norm=2.5518 lr=6.00e-04 13,550 tok/s 0.48 TFLOP/s
[step   14875/1000000] loss=0.6841 grad_norm=2.5351 lr=6.00e-04 14,499 tok/s 0.52 TFLOP/s
[step   14900/1000000] loss=0.6186 grad_norm=2.4894 lr=6.00e-04 16,333 tok/s 0.58 TFLOP/s
[step   14925/1000000] loss=0.5483 grad_norm=2.0064 lr=6.00e-04 18,534 tok/s 0.66 TFLOP/s
[step   14950/1000000] loss=0.4520 grad_norm=2.0091 lr=6.00e-04 19,268 tok/s 0.69 TFLOP/s
[step   14975/1000000] loss=0.5068 grad_norm=2.1729 lr=6.00e-04 18,616 tok/s 0.66 TFLOP/s
[step   15000/1000000] loss=0.5604 grad_norm=2.4335 lr=6.00e-04 20,082 tok/s 0.72 TFLOP/s
[step   15025/1000000] loss=0.5392 grad_norm=2.2071 lr=6.00e-04 17,235 tok/s 0.62 TFLOP/s
[step   15050/1000000] loss=0.5310 grad_norm=2.2493 lr=6.00e-04 19,886 tok/s 0.71 TFLOP/s
[step   15075/1000000] loss=0.3960 grad_norm=1.9553 lr=6.00e-04 19,692 tok/s 0.70 TFLOP/s
[step   15100/1000000] loss=0.5154 grad_norm=2.3551 lr=6.00e-04 16,778 tok/s 0.60 TFLOP/s
[step   15125/1000000] loss=0.5778 grad_norm=2.3822 lr=6.00e-04 17,114 tok/s 0.61 TFLOP/s
[step   15150/1000000] loss=0.5645 grad_norm=2.1731 lr=6.00e-04 16,028 tok/s 0.57 TFLOP/s
[step   15175/1000000] loss=0.5533 grad_norm=2.4574 lr=6.00e-04 14,864 tok/s 0.53 TFLOP/s
[step   15200/1000000] loss=0.6047 grad_norm=2.1771 lr=6.00e-04 15,422 tok/s 0.55 TFLOP/s
[step   15225/1000000] loss=0.5570 grad_norm=2.2841 lr=6.00e-04 15,681 tok/s 0.56 TFLOP/s
[step   15250/1000000] loss=0.5665 grad_norm=2.3844 lr=6.00e-04 16,795 tok/s 0.60 TFLOP/s
[step   15275/1000000] loss=0.5098 grad_norm=2.2301 lr=6.00e-04 15,337 tok/s 0.55 TFLOP/s
[step   15300/1000000] loss=0.4570 grad_norm=2.2118 lr=6.00e-04 15,578 tok/s 0.56 TFLOP/s
[step   15325/1000000] loss=0.7077 grad_norm=2.3920 lr=6.00e-04 20,382 tok/s 0.73 TFLOP/s
[step   15350/1000000] loss=0.4444 grad_norm=2.0222 lr=6.00e-04 19,099 tok/s 0.68 TFLOP/s
[step   15375/1000000] loss=0.4731 grad_norm=1.9108 lr=6.00e-04 19,431 tok/s 0.69 TFLOP/s
[step   15400/1000000] loss=0.6174 grad_norm=2.1905 lr=6.00e-04 20,655 tok/s 0.74 TFLOP/s
[step   15425/1000000] loss=0.6183 grad_norm=2.3693 lr=6.00e-04 20,365 tok/s 0.73 TFLOP/s
[step   15450/1000000] loss=0.3910 grad_norm=1.8646 lr=6.00e-04 20,768 tok/s 0.74 TFLOP/s
[step   15475/1000000] loss=0.6996 grad_norm=2.4893 lr=6.00e-04 20,554 tok/s 0.73 TFLOP/s
[step   15500/1000000] loss=0.6108 grad_norm=2.3620 lr=6.00e-04 19,077 tok/s 0.68 TFLOP/s
[step   15525/1000000] loss=0.5854 grad_norm=2.2576 lr=6.00e-04 16,263 tok/s 0.58 TFLOP/s
[step   15550/1000000] loss=0.5966 grad_norm=2.2495 lr=6.00e-04 17,406 tok/s 0.62 TFLOP/s
[stop] time limit 11.0 min reached at step 15563
[done] {"finished": false, "stopped": "time-limit", "step": 15563, "tokens": 11105942, "checkpoint": "C:\\Users\\benja\\talker24\\artifacts\\fable-talker24-20260920\\s0\\autoencode\\final.pt", "parameter_hash": "7ae46aafa3cdc03e6240d1b246b0216c5683621648622c8535a5d9cc67ac01f8", "seconds": 660.18, "source": "1 shard(s) under C:\\Users\\benja\\talker24\\artifacts\\fable-talker24-20260920\\shards", "dialogues": null}
exit=0

=== 2 GRU-mouth side arm, 3 min === 2026-09-20T21:09:47.2961687-04:00
[start] stage=autoencode preset=S device=cuda steps=1000000 from step 0; data = 1 shard(s) under C:\Users\benja\talker24\artifacts\fable-talker24-20260920\shards
[step      25/1000000] loss=8.9898 grad_norm=0.1000 lr=5.00e-05 14,615 tok/s 0.88 TFLOP/s
[step      50/1000000] loss=7.7004 grad_norm=3.3913 lr=1.00e-04 28,260 tok/s 1.71 TFLOP/s
[step      75/1000000] loss=6.0325 grad_norm=3.1771 lr=1.50e-04 24,558 tok/s 1.49 TFLOP/s
[step     100/1000000] loss=5.6212 grad_norm=1.5779 lr=2.00e-04 23,944 tok/s 1.45 TFLOP/s
[step     125/1000000] loss=5.5223 grad_norm=3.0100 lr=2.50e-04 27,012 tok/s 1.63 TFLOP/s
[step     150/1000000] loss=5.5504 grad_norm=3.7412 lr=3.00e-04 22,833 tok/s 1.38 TFLOP/s
[step     175/1000000] loss=5.3393 grad_norm=2.4692 lr=3.50e-04 23,943 tok/s 1.45 TFLOP/s
[step     200/1000000] loss=5.4366 grad_norm=5.7094 lr=4.00e-04 23,389 tok/s 1.42 TFLOP/s
[step     225/1000000] loss=5.3024 grad_norm=2.6061 lr=4.50e-04 23,583 tok/s 1.43 TFLOP/s
[step     250/1000000] loss=5.3399 grad_norm=6.0872 lr=5.00e-04 21,904 tok/s 1.33 TFLOP/s
[step     275/1000000] loss=5.2959 grad_norm=4.5333 lr=5.50e-04 23,798 tok/s 1.44 TFLOP/s
[step     300/1000000] loss=5.1067 grad_norm=4.2772 lr=6.00e-04 22,288 tok/s 1.35 TFLOP/s
[step     325/1000000] loss=5.0427 grad_norm=5.0944 lr=6.00e-04 22,065 tok/s 1.34 TFLOP/s
[step     350/1000000] loss=5.1644 grad_norm=2.9344 lr=6.00e-04 20,635 tok/s 1.25 TFLOP/s
[step     375/1000000] loss=4.9503 grad_norm=4.3352 lr=6.00e-04 29,029 tok/s 1.76 TFLOP/s
[step     400/1000000] loss=4.9560 grad_norm=4.0166 lr=6.00e-04 23,462 tok/s 1.42 TFLOP/s
[step     425/1000000] loss=4.8456 grad_norm=2.1304 lr=6.00e-04 22,806 tok/s 1.38 TFLOP/s
[step     450/1000000] loss=4.9568 grad_norm=3.3119 lr=6.00e-04 27,386 tok/s 1.66 TFLOP/s
[step     475/1000000] loss=4.6001 grad_norm=4.9717 lr=6.00e-04 28,788 tok/s 1.74 TFLOP/s
[step     500/1000000] loss=4.3902 grad_norm=2.3909 lr=6.00e-04 24,355 tok/s 1.47 TFLOP/s
[step     525/1000000] loss=4.6777 grad_norm=7.6107 lr=6.00e-04 22,749 tok/s 1.38 TFLOP/s
[step     550/1000000] loss=4.4633 grad_norm=2.5569 lr=6.00e-04 20,383 tok/s 1.23 TFLOP/s
[step     575/1000000] loss=4.6772 grad_norm=7.0783 lr=6.00e-04 19,578 tok/s 1.18 TFLOP/s
[step     600/1000000] loss=4.4931 grad_norm=3.1446 lr=6.00e-04 25,075 tok/s 1.52 TFLOP/s
[step     625/1000000] loss=4.5571 grad_norm=6.6019 lr=6.00e-04 21,696 tok/s 1.31 TFLOP/s
[step     650/1000000] loss=4.3299 grad_norm=5.6744 lr=6.00e-04 22,665 tok/s 1.37 TFLOP/s
[step     675/1000000] loss=4.3479 grad_norm=2.2899 lr=6.00e-04 26,342 tok/s 1.59 TFLOP/s
[step     700/1000000] loss=4.4890 grad_norm=6.3953 lr=6.00e-04 27,020 tok/s 1.64 TFLOP/s
[step     725/1000000] loss=4.1595 grad_norm=1.7524 lr=6.00e-04 24,856 tok/s 1.50 TFLOP/s
[step     750/1000000] loss=4.4321 grad_norm=4.7530 lr=6.00e-04 26,715 tok/s 1.62 TFLOP/s
[step     775/1000000] loss=4.1306 grad_norm=6.2040 lr=6.00e-04 22,401 tok/s 1.36 TFLOP/s
[step     800/1000000] loss=4.2053 grad_norm=2.1362 lr=6.00e-04 24,493 tok/s 1.48 TFLOP/s
[step     825/1000000] loss=4.3508 grad_norm=2.8706 lr=6.00e-04 23,520 tok/s 1.42 TFLOP/s
[step     850/1000000] loss=4.2947 grad_norm=2.3142 lr=6.00e-04 25,713 tok/s 1.56 TFLOP/s
[step     875/1000000] loss=3.8615 grad_norm=2.3634 lr=6.00e-04 27,224 tok/s 1.65 TFLOP/s
[step     900/1000000] loss=4.1264 grad_norm=3.5309 lr=6.00e-04 27,349 tok/s 1.65 TFLOP/s
[step     925/1000000] loss=4.1413 grad_norm=2.1178 lr=6.00e-04 26,041 tok/s 1.58 TFLOP/s
[step     950/1000000] loss=3.7277 grad_norm=6.8424 lr=6.00e-04 21,931 tok/s 1.33 TFLOP/s
[step     975/1000000] loss=3.9675 grad_norm=3.3364 lr=6.00e-04 20,491 tok/s 1.24 TFLOP/s
[step    1000/1000000] loss=4.0950 grad_norm=2.3360 lr=6.00e-04 22,865 tok/s 1.38 TFLOP/s
[step    1025/1000000] loss=3.7030 grad_norm=2.1099 lr=6.00e-04 19,015 tok/s 1.15 TFLOP/s
[step    1050/1000000] loss=4.0245 grad_norm=1.9238 lr=6.00e-04 22,957 tok/s 1.39 TFLOP/s
[step    1075/1000000] loss=3.8087 grad_norm=2.9267 lr=6.00e-04 23,798 tok/s 1.44 TFLOP/s
[step    1100/1000000] loss=3.5844 grad_norm=2.1623 lr=6.00e-04 20,179 tok/s 1.22 TFLOP/s
[step    1125/1000000] loss=3.8967 grad_norm=1.9791 lr=6.00e-04 21,402 tok/s 1.30 TFLOP/s
[step    1150/1000000] loss=3.9922 grad_norm=2.7473 lr=6.00e-04 27,669 tok/s 1.67 TFLOP/s
[step    1175/1000000] loss=3.7202 grad_norm=2.7031 lr=6.00e-04 21,558 tok/s 1.30 TFLOP/s
[step    1200/1000000] loss=3.7223 grad_norm=2.2547 lr=6.00e-04 20,651 tok/s 1.25 TFLOP/s
[step    1225/1000000] loss=3.6528 grad_norm=2.4009 lr=6.00e-04 21,331 tok/s 1.29 TFLOP/s
[step    1250/1000000] loss=3.5031 grad_norm=2.5364 lr=6.00e-04 22,419 tok/s 1.36 TFLOP/s
[step    1275/1000000] loss=3.6172 grad_norm=3.1748 lr=6.00e-04 22,719 tok/s 1.37 TFLOP/s
[step    1300/1000000] loss=3.8005 grad_norm=2.4707 lr=6.00e-04 23,364 tok/s 1.41 TFLOP/s
[step    1325/1000000] loss=3.6491 grad_norm=2.0553 lr=6.00e-04 25,823 tok/s 1.56 TFLOP/s
[step    1350/1000000] loss=3.5937 grad_norm=4.4204 lr=6.00e-04 23,263 tok/s 1.41 TFLOP/s
[step    1375/1000000] loss=3.6582 grad_norm=2.0067 lr=6.00e-04 23,604 tok/s 1.43 TFLOP/s
[step    1400/1000000] loss=3.6100 grad_norm=2.2447 lr=6.00e-04 24,550 tok/s 1.49 TFLOP/s
[step    1425/1000000] loss=3.5421 grad_norm=2.5266 lr=6.00e-04 25,803 tok/s 1.56 TFLOP/s
[step    1450/1000000] loss=3.4606 grad_norm=2.0819 lr=6.00e-04 21,768 tok/s 1.32 TFLOP/s
[step    1475/1000000] loss=3.5940 grad_norm=2.0396 lr=6.00e-04 27,821 tok/s 1.68 TFLOP/s
[step    1500/1000000] loss=3.2695 grad_norm=2.3669 lr=6.00e-04 28,303 tok/s 1.71 TFLOP/s
[step    1525/1000000] loss=3.3545 grad_norm=2.7934 lr=6.00e-04 21,755 tok/s 1.32 TFLOP/s
[step    1550/1000000] loss=3.3164 grad_norm=2.1191 lr=6.00e-04 25,351 tok/s 1.53 TFLOP/s
[step    1575/1000000] loss=3.2967 grad_norm=1.8207 lr=6.00e-04 22,904 tok/s 1.39 TFLOP/s
[step    1600/1000000] loss=3.3650 grad_norm=2.3814 lr=6.00e-04 28,470 tok/s 1.72 TFLOP/s
[step    1625/1000000] loss=3.3474 grad_norm=1.7317 lr=6.00e-04 20,907 tok/s 1.27 TFLOP/s
[step    1650/1000000] loss=3.1156 grad_norm=2.1046 lr=6.00e-04 20,698 tok/s 1.25 TFLOP/s
[step    1675/1000000] loss=3.4301 grad_norm=3.3452 lr=6.00e-04 22,672 tok/s 1.37 TFLOP/s
[step    1700/1000000] loss=3.3375 grad_norm=2.2518 lr=6.00e-04 20,854 tok/s 1.26 TFLOP/s
[step    1725/1000000] loss=3.1286 grad_norm=2.2025 lr=6.00e-04 26,021 tok/s 1.57 TFLOP/s
[step    1750/1000000] loss=3.2034 grad_norm=2.1039 lr=6.00e-04 21,141 tok/s 1.28 TFLOP/s
[step    1775/1000000] loss=3.0040 grad_norm=1.9432 lr=6.00e-04 19,896 tok/s 1.20 TFLOP/s
[step    1800/1000000] loss=3.1954 grad_norm=2.3378 lr=6.00e-04 20,068 tok/s 1.21 TFLOP/s
[step    1825/1000000] loss=3.1507 grad_norm=2.1170 lr=6.00e-04 21,514 tok/s 1.30 TFLOP/s
[step    1850/1000000] loss=3.1651 grad_norm=2.1049 lr=6.00e-04 20,759 tok/s 1.26 TFLOP/s
[step    1875/1000000] loss=3.2737 grad_norm=2.2469 lr=6.00e-04 26,061 tok/s 1.58 TFLOP/s
[step    1900/1000000] loss=3.2911 grad_norm=2.2072 lr=6.00e-04 27,114 tok/s 1.64 TFLOP/s
[step    1925/1000000] loss=2.9125 grad_norm=2.1429 lr=6.00e-04 25,749 tok/s 1.56 TFLOP/s
[step    1950/1000000] loss=2.9496 grad_norm=1.9528 lr=6.00e-04 25,027 tok/s 1.51 TFLOP/s
[step    1975/1000000] loss=3.0690 grad_norm=2.2364 lr=6.00e-04 26,039 tok/s 1.58 TFLOP/s
[step    2000/1000000] loss=2.9567 grad_norm=2.1665 lr=6.00e-04 23,947 tok/s 1.45 TFLOP/s
[step    2025/1000000] loss=3.0252 grad_norm=2.0557 lr=6.00e-04 21,263 tok/s 1.29 TFLOP/s
[step    2050/1000000] loss=2.9390 grad_norm=1.7802 lr=6.00e-04 27,917 tok/s 1.69 TFLOP/s
[step    2075/1000000] loss=3.0140 grad_norm=2.5346 lr=6.00e-04 28,182 tok/s 1.71 TFLOP/s
[step    2100/1000000] loss=2.8555 grad_norm=2.0691 lr=6.00e-04 27,296 tok/s 1.65 TFLOP/s
[step    2125/1000000] loss=2.8359 grad_norm=2.0245 lr=6.00e-04 25,129 tok/s 1.52 TFLOP/s
[step    2150/1000000] loss=2.9136 grad_norm=2.2543 lr=6.00e-04 22,410 tok/s 1.36 TFLOP/s
[step    2175/1000000] loss=3.2156 grad_norm=2.1502 lr=6.00e-04 19,797 tok/s 1.20 TFLOP/s
[step    2200/1000000] loss=2.8320 grad_norm=2.4116 lr=6.00e-04 23,444 tok/s 1.42 TFLOP/s
[step    2225/1000000] loss=3.1163 grad_norm=3.0891 lr=6.00e-04 24,939 tok/s 1.51 TFLOP/s
[step    2250/1000000] loss=2.9408 grad_norm=2.0569 lr=6.00e-04 23,763 tok/s 1.44 TFLOP/s
[step    2275/1000000] loss=2.8089 grad_norm=2.3969 lr=6.00e-04 23,822 tok/s 1.44 TFLOP/s
[step    2300/1000000] loss=2.8966 grad_norm=1.9527 lr=6.00e-04 24,727 tok/s 1.50 TFLOP/s
[step    2325/1000000] loss=3.0772 grad_norm=2.7466 lr=6.00e-04 21,178 tok/s 1.28 TFLOP/s
[step    2350/1000000] loss=2.8464 grad_norm=2.2721 lr=6.00e-04 21,956 tok/s 1.33 TFLOP/s
[step    2375/1000000] loss=2.6888 grad_norm=1.9970 lr=6.00e-04 21,143 tok/s 1.28 TFLOP/s
[step    2400/1000000] loss=2.8957 grad_norm=2.2184 lr=6.00e-04 21,839 tok/s 1.32 TFLOP/s
[step    2425/1000000] loss=2.9749 grad_norm=2.6651 lr=6.00e-04 21,634 tok/s 1.31 TFLOP/s
[step    2450/1000000] loss=2.4741 grad_norm=2.2597 lr=6.00e-04 22,508 tok/s 1.36 TFLOP/s
[step    2475/1000000] loss=3.1190 grad_norm=2.9952 lr=6.00e-04 23,745 tok/s 1.44 TFLOP/s
[step    2500/1000000] loss=2.7808 grad_norm=2.0008 lr=6.00e-04 25,298 tok/s 1.53 TFLOP/s
[step    2525/1000000] loss=2.7678 grad_norm=3.2600 lr=6.00e-04 19,737 tok/s 1.19 TFLOP/s
[step    2550/1000000] loss=2.8026 grad_norm=1.9985 lr=6.00e-04 24,111 tok/s 1.46 TFLOP/s
[step    2575/1000000] loss=2.7631 grad_norm=2.1970 lr=6.00e-04 22,953 tok/s 1.39 TFLOP/s
[step    2600/1000000] loss=2.6260 grad_norm=2.3160 lr=6.00e-04 28,391 tok/s 1.72 TFLOP/s
[step    2625/1000000] loss=2.9323 grad_norm=2.3383 lr=6.00e-04 28,407 tok/s 1.72 TFLOP/s
[step    2650/1000000] loss=2.6226 grad_norm=2.4812 lr=6.00e-04 28,207 tok/s 1.71 TFLOP/s
[step    2675/1000000] loss=2.5817 grad_norm=2.1858 lr=6.00e-04 27,953 tok/s 1.69 TFLOP/s
[step    2700/1000000] loss=2.6138 grad_norm=2.4605 lr=6.00e-04 28,708 tok/s 1.74 TFLOP/s
[step    2725/1000000] loss=3.0773 grad_norm=2.1529 lr=6.00e-04 28,614 tok/s 1.73 TFLOP/s
[step    2750/1000000] loss=2.7583 grad_norm=2.5565 lr=6.00e-04 28,283 tok/s 1.71 TFLOP/s
[step    2775/1000000] loss=2.4739 grad_norm=2.3709 lr=6.00e-04 28,695 tok/s 1.74 TFLOP/s
[step    2800/1000000] loss=2.7583 grad_norm=2.5308 lr=6.00e-04 22,315 tok/s 1.35 TFLOP/s
[step    2825/1000000] loss=2.7753 grad_norm=2.1705 lr=6.00e-04 26,020 tok/s 1.57 TFLOP/s
[step    2850/1000000] loss=2.8560 grad_norm=2.2790 lr=6.00e-04 21,779 tok/s 1.32 TFLOP/s
[step    2875/1000000] loss=2.8164 grad_norm=2.7214 lr=6.00e-04 21,169 tok/s 1.28 TFLOP/s
[step    2900/1000000] loss=2.8067 grad_norm=2.7396 lr=6.00e-04 19,793 tok/s 1.20 TFLOP/s
[step    2925/1000000] loss=2.5203 grad_norm=2.2683 lr=6.00e-04 21,331 tok/s 1.29 TFLOP/s
[step    2950/1000000] loss=2.5157 grad_norm=1.9916 lr=6.00e-04 20,225 tok/s 1.22 TFLOP/s
[step    2975/1000000] loss=2.7074 grad_norm=3.6300 lr=6.00e-04 21,313 tok/s 1.29 TFLOP/s
[step    3000/1000000] loss=2.6918 grad_norm=2.2543 lr=6.00e-04 21,025 tok/s 1.27 TFLOP/s
[step    3025/1000000] loss=2.5404 grad_norm=2.3502 lr=6.00e-04 17,474 tok/s 1.06 TFLOP/s
[step    3050/1000000] loss=2.6401 grad_norm=2.8864 lr=6.00e-04 21,334 tok/s 1.29 TFLOP/s
[step    3075/1000000] loss=2.5850 grad_norm=2.4251 lr=6.00e-04 21,484 tok/s 1.30 TFLOP/s
[step    3100/1000000] loss=2.4224 grad_norm=2.0479 lr=6.00e-04 25,787 tok/s 1.56 TFLOP/s
[step    3125/1000000] loss=2.6048 grad_norm=2.1739 lr=6.00e-04 27,148 tok/s 1.64 TFLOP/s
[step    3150/1000000] loss=2.5405 grad_norm=2.7026 lr=6.00e-04 28,744 tok/s 1.74 TFLOP/s
[step    3175/1000000] loss=2.5254 grad_norm=2.6334 lr=6.00e-04 27,700 tok/s 1.68 TFLOP/s
[step    3200/1000000] loss=2.3110 grad_norm=2.6554 lr=6.00e-04 28,542 tok/s 1.73 TFLOP/s
[step    3225/1000000] loss=2.3308 grad_norm=2.2896 lr=6.00e-04 26,925 tok/s 1.63 TFLOP/s
[step    3250/1000000] loss=2.4094 grad_norm=2.3148 lr=6.00e-04 27,711 tok/s 1.68 TFLOP/s
[step    3275/1000000] loss=2.1392 grad_norm=2.2639 lr=6.00e-04 27,922 tok/s 1.69 TFLOP/s
[step    3300/1000000] loss=2.6554 grad_norm=2.9876 lr=6.00e-04 27,430 tok/s 1.66 TFLOP/s
[step    3325/1000000] loss=2.3933 grad_norm=2.2858 lr=6.00e-04 27,329 tok/s 1.65 TFLOP/s
[step    3350/1000000] loss=2.2314 grad_norm=2.1443 lr=6.00e-04 27,586 tok/s 1.67 TFLOP/s
[step    3375/1000000] loss=2.3471 grad_norm=2.1325 lr=6.00e-04 28,237 tok/s 1.71 TFLOP/s
[step    3400/1000000] loss=2.5377 grad_norm=2.7151 lr=6.00e-04 22,613 tok/s 1.37 TFLOP/s
[step    3425/1000000] loss=2.1162 grad_norm=2.3778 lr=6.00e-04 20,717 tok/s 1.25 TFLOP/s
[step    3450/1000000] loss=2.5712 grad_norm=2.9674 lr=6.00e-04 20,797 tok/s 1.26 TFLOP/s
[step    3475/1000000] loss=2.2726 grad_norm=2.1521 lr=6.00e-04 21,171 tok/s 1.28 TFLOP/s
[step    3500/1000000] loss=2.3251 grad_norm=2.3995 lr=6.00e-04 21,339 tok/s 1.29 TFLOP/s
[step    3525/1000000] loss=2.2080 grad_norm=2.9836 lr=6.00e-04 17,256 tok/s 1.04 TFLOP/s
[step    3550/1000000] loss=2.5153 grad_norm=3.1597 lr=6.00e-04 21,606 tok/s 1.31 TFLOP/s
[step    3575/1000000] loss=2.5016 grad_norm=2.3457 lr=6.00e-04 19,471 tok/s 1.18 TFLOP/s
[step    3600/1000000] loss=2.2548 grad_norm=2.4899 lr=6.00e-04 21,763 tok/s 1.32 TFLOP/s
[step    3625/1000000] loss=2.3498 grad_norm=2.2930 lr=6.00e-04 20,907 tok/s 1.27 TFLOP/s
[step    3650/1000000] loss=2.2824 grad_norm=3.1055 lr=6.00e-04 20,881 tok/s 1.26 TFLOP/s
[step    3675/1000000] loss=2.1312 grad_norm=2.5435 lr=6.00e-04 21,607 tok/s 1.31 TFLOP/s
[step    3700/1000000] loss=2.3143 grad_norm=2.1763 lr=6.00e-04 26,337 tok/s 1.59 TFLOP/s
[step    3725/1000000] loss=2.2954 grad_norm=2.6144 lr=6.00e-04 28,496 tok/s 1.72 TFLOP/s
[step    3750/1000000] loss=2.2862 grad_norm=2.5618 lr=6.00e-04 28,581 tok/s 1.73 TFLOP/s
[step    3775/1000000] loss=2.6205 grad_norm=2.5382 lr=6.00e-04 28,618 tok/s 1.73 TFLOP/s
[step    3800/1000000] loss=2.5815 grad_norm=3.0458 lr=6.00e-04 28,540 tok/s 1.73 TFLOP/s
[step    3825/1000000] loss=2.1697 grad_norm=2.7413 lr=6.00e-04 28,144 tok/s 1.70 TFLOP/s
[step    3850/1000000] loss=2.4682 grad_norm=2.8854 lr=6.00e-04 28,246 tok/s 1.71 TFLOP/s
[step    3875/1000000] loss=2.2144 grad_norm=2.4214 lr=6.00e-04 28,618 tok/s 1.73 TFLOP/s
[step    3900/1000000] loss=2.3458 grad_norm=2.6248 lr=6.00e-04 28,510 tok/s 1.73 TFLOP/s
[step    3925/1000000] loss=2.1919 grad_norm=2.5208 lr=6.00e-04 28,765 tok/s 1.74 TFLOP/s
[step    3950/1000000] loss=2.2734 grad_norm=2.5616 lr=6.00e-04 26,324 tok/s 1.59 TFLOP/s
[step    3975/1000000] loss=2.1480 grad_norm=2.5530 lr=6.00e-04 22,925 tok/s 1.39 TFLOP/s
[step    4000/1000000] loss=2.0938 grad_norm=2.3137 lr=6.00e-04 25,320 tok/s 1.53 TFLOP/s
[step    4025/1000000] loss=2.1153 grad_norm=2.6474 lr=6.00e-04 18,499 tok/s 1.12 TFLOP/s
[step    4050/1000000] loss=2.0851 grad_norm=2.6880 lr=6.00e-04 19,770 tok/s 1.20 TFLOP/s
[step    4075/1000000] loss=1.9509 grad_norm=2.8791 lr=6.00e-04 20,345 tok/s 1.23 TFLOP/s
[step    4100/1000000] loss=2.3898 grad_norm=2.5878 lr=6.00e-04 21,100 tok/s 1.28 TFLOP/s
[step    4125/1000000] loss=2.0235 grad_norm=2.6225 lr=6.00e-04 19,837 tok/s 1.20 TFLOP/s
[step    4150/1000000] loss=2.1885 grad_norm=2.7611 lr=6.00e-04 19,810 tok/s 1.20 TFLOP/s
[step    4175/1000000] loss=2.1268 grad_norm=2.8134 lr=6.00e-04 20,104 tok/s 1.22 TFLOP/s
[step    4200/1000000] loss=2.2926 grad_norm=2.4288 lr=6.00e-04 20,329 tok/s 1.23 TFLOP/s
[step    4225/1000000] loss=2.1956 grad_norm=2.5670 lr=6.00e-04 21,302 tok/s 1.29 TFLOP/s
[step    4250/1000000] loss=2.1008 grad_norm=2.6077 lr=6.00e-04 23,505 tok/s 1.42 TFLOP/s
[step    4275/1000000] loss=2.2398 grad_norm=2.3355 lr=6.00e-04 19,698 tok/s 1.19 TFLOP/s
[step    4300/1000000] loss=2.1745 grad_norm=2.4322 lr=6.00e-04 21,265 tok/s 1.29 TFLOP/s
[step    4325/1000000] loss=2.4622 grad_norm=2.3346 lr=6.00e-04 28,381 tok/s 1.72 TFLOP/s
[step    4350/1000000] loss=2.2179 grad_norm=2.4062 lr=6.00e-04 27,668 tok/s 1.67 TFLOP/s
[step    4375/1000000] loss=2.0913 grad_norm=3.1223 lr=6.00e-04 28,168 tok/s 1.70 TFLOP/s
[step    4400/1000000] loss=2.0883 grad_norm=2.4722 lr=6.00e-04 28,296 tok/s 1.71 TFLOP/s
[step    4425/1000000] loss=2.2640 grad_norm=3.0338 lr=6.00e-04 27,934 tok/s 1.69 TFLOP/s
[step    4450/1000000] loss=1.9931 grad_norm=2.4971 lr=6.00e-04 27,016 tok/s 1.63 TFLOP/s
[step    4475/1000000] loss=2.2120 grad_norm=2.7976 lr=6.00e-04 28,781 tok/s 1.74 TFLOP/s
[step    4500/1000000] loss=2.1171 grad_norm=2.8997 lr=6.00e-04 26,900 tok/s 1.63 TFLOP/s
[step    4525/1000000] loss=2.0694 grad_norm=2.3993 lr=6.00e-04 18,119 tok/s 1.10 TFLOP/s
[step    4550/1000000] loss=2.1143 grad_norm=2.5736 lr=6.00e-04 25,003 tok/s 1.51 TFLOP/s
[step    4575/1000000] loss=1.9655 grad_norm=2.3476 lr=6.00e-04 26,306 tok/s 1.59 TFLOP/s
[step    4600/1000000] loss=1.9510 grad_norm=2.2258 lr=6.00e-04 21,079 tok/s 1.28 TFLOP/s
[step    4625/1000000] loss=2.0213 grad_norm=2.2806 lr=6.00e-04 20,937 tok/s 1.27 TFLOP/s
[step    4650/1000000] loss=2.2210 grad_norm=2.6454 lr=6.00e-04 20,160 tok/s 1.22 TFLOP/s
[step    4675/1000000] loss=2.1918 grad_norm=2.6135 lr=6.00e-04 21,084 tok/s 1.28 TFLOP/s
[step    4700/1000000] loss=2.1476 grad_norm=2.7063 lr=6.00e-04 21,840 tok/s 1.32 TFLOP/s
[step    4725/1000000] loss=1.9496 grad_norm=2.4377 lr=6.00e-04 21,580 tok/s 1.31 TFLOP/s
[step    4750/1000000] loss=1.7937 grad_norm=2.4248 lr=6.00e-04 21,570 tok/s 1.31 TFLOP/s
[step    4775/1000000] loss=1.9372 grad_norm=2.5028 lr=6.00e-04 22,424 tok/s 1.36 TFLOP/s
[step    4800/1000000] loss=2.3401 grad_norm=3.3841 lr=6.00e-04 26,870 tok/s 1.63 TFLOP/s
[step    4825/1000000] loss=2.0053 grad_norm=2.8480 lr=6.00e-04 22,367 tok/s 1.35 TFLOP/s
[step    4850/1000000] loss=1.8537 grad_norm=2.6557 lr=6.00e-04 24,172 tok/s 1.46 TFLOP/s
[step    4875/1000000] loss=1.8099 grad_norm=2.2086 lr=6.00e-04 24,349 tok/s 1.47 TFLOP/s
[step    4900/1000000] loss=1.8194 grad_norm=2.2732 lr=6.00e-04 28,727 tok/s 1.74 TFLOP/s
[step    4925/1000000] loss=2.0365 grad_norm=2.9828 lr=6.00e-04 28,576 tok/s 1.73 TFLOP/s
[step    4950/1000000] loss=1.9953 grad_norm=2.5198 lr=6.00e-04 28,792 tok/s 1.74 TFLOP/s
[step    4975/1000000] loss=2.0480 grad_norm=2.4502 lr=6.00e-04 27,924 tok/s 1.69 TFLOP/s
[step    5000/1000000] loss=1.9444 grad_norm=2.4932 lr=6.00e-04 27,982 tok/s 1.69 TFLOP/s
[step    5025/1000000] loss=1.6998 grad_norm=2.3826 lr=6.00e-04 21,647 tok/s 1.31 TFLOP/s
[step    5050/1000000] loss=1.9998 grad_norm=2.6411 lr=6.00e-04 27,318 tok/s 1.65 TFLOP/s
[step    5075/1000000] loss=1.7413 grad_norm=2.1653 lr=6.00e-04 25,645 tok/s 1.55 TFLOP/s
[step    5100/1000000] loss=2.0106 grad_norm=2.4976 lr=6.00e-04 24,864 tok/s 1.50 TFLOP/s
[step    5125/1000000] loss=1.9254 grad_norm=2.3190 lr=6.00e-04 25,925 tok/s 1.57 TFLOP/s
[step    5150/1000000] loss=1.9188 grad_norm=2.9241 lr=6.00e-04 23,487 tok/s 1.42 TFLOP/s
[step    5175/1000000] loss=2.0434 grad_norm=2.8209 lr=6.00e-04 24,013 tok/s 1.45 TFLOP/s
[step    5200/1000000] loss=1.8095 grad_norm=2.4784 lr=6.00e-04 24,421 tok/s 1.48 TFLOP/s
[step    5225/1000000] loss=1.9721 grad_norm=2.8904 lr=6.00e-04 22,760 tok/s 1.38 TFLOP/s
[step    5250/1000000] loss=2.0075 grad_norm=2.5519 lr=6.00e-04 21,430 tok/s 1.30 TFLOP/s
[step    5275/1000000] loss=1.8343 grad_norm=2.5557 lr=6.00e-04 21,944 tok/s 1.33 TFLOP/s
[step    5300/1000000] loss=1.8565 grad_norm=3.0511 lr=6.00e-04 20,556 tok/s 1.24 TFLOP/s
[step    5325/1000000] loss=1.9734 grad_norm=2.7552 lr=6.00e-04 20,350 tok/s 1.23 TFLOP/s
[step    5350/1000000] loss=1.8999 grad_norm=3.0005 lr=6.00e-04 20,804 tok/s 1.26 TFLOP/s
[step    5375/1000000] loss=1.7969 grad_norm=2.5182 lr=6.00e-04 19,591 tok/s 1.19 TFLOP/s
[step    5400/1000000] loss=1.9219 grad_norm=2.8229 lr=6.00e-04 25,300 tok/s 1.53 TFLOP/s
[step    5425/1000000] loss=2.0239 grad_norm=3.1679 lr=6.00e-04 25,100 tok/s 1.52 TFLOP/s
[step    5450/1000000] loss=1.6507 grad_norm=2.5745 lr=6.00e-04 20,789 tok/s 1.26 TFLOP/s
[step    5475/1000000] loss=1.7913 grad_norm=2.5554 lr=6.00e-04 19,560 tok/s 1.18 TFLOP/s
[step    5500/1000000] loss=1.8234 grad_norm=2.7597 lr=6.00e-04 21,789 tok/s 1.32 TFLOP/s
[step    5525/1000000] loss=1.7029 grad_norm=2.3690 lr=6.00e-04 17,954 tok/s 1.09 TFLOP/s
[step    5550/1000000] loss=1.9004 grad_norm=2.4342 lr=6.00e-04 28,685 tok/s 1.74 TFLOP/s
[step    5575/1000000] loss=1.8378 grad_norm=2.7889 lr=6.00e-04 28,193 tok/s 1.71 TFLOP/s
[step    5600/1000000] loss=1.6982 grad_norm=2.7092 lr=6.00e-04 27,139 tok/s 1.64 TFLOP/s
[step    5625/1000000] loss=1.8063 grad_norm=2.9143 lr=6.00e-04 26,084 tok/s 1.58 TFLOP/s
[step    5650/1000000] loss=1.7022 grad_norm=2.6968 lr=6.00e-04 24,485 tok/s 1.48 TFLOP/s
[step    5675/1000000] loss=2.0239 grad_norm=2.5644 lr=6.00e-04 25,898 tok/s 1.57 TFLOP/s
[step    5700/1000000] loss=1.6590 grad_norm=2.2805 lr=6.00e-04 24,067 tok/s 1.46 TFLOP/s
[step    5725/1000000] loss=1.7051 grad_norm=2.8217 lr=6.00e-04 23,259 tok/s 1.41 TFLOP/s
[step    5750/1000000] loss=2.0357 grad_norm=3.1911 lr=6.00e-04 26,509 tok/s 1.60 TFLOP/s
[step    5775/1000000] loss=1.8471 grad_norm=2.5280 lr=6.00e-04 23,180 tok/s 1.40 TFLOP/s
[step    5800/1000000] loss=1.6334 grad_norm=2.2560 lr=6.00e-04 24,214 tok/s 1.47 TFLOP/s
[step    5825/1000000] loss=1.9903 grad_norm=3.2221 lr=6.00e-04 22,088 tok/s 1.34 TFLOP/s
[step    5850/1000000] loss=1.7882 grad_norm=2.6761 lr=6.00e-04 21,159 tok/s 1.28 TFLOP/s
[step    5875/1000000] loss=1.8852 grad_norm=2.7349 lr=6.00e-04 21,137 tok/s 1.28 TFLOP/s
[step    5900/1000000] loss=1.5578 grad_norm=2.6667 lr=6.00e-04 21,674 tok/s 1.31 TFLOP/s
[step    5925/1000000] loss=1.7362 grad_norm=2.7251 lr=6.00e-04 23,016 tok/s 1.39 TFLOP/s
[stop] time limit 3.0 min reached at step 5929
[done] {"finished": false, "stopped": "time-limit", "step": 5929, "tokens": 4231533, "checkpoint": "C:\\Users\\benja\\talker24\\artifacts\\fable-talker24-20260920\\s0\\autoencode-gru\\final.pt", "parameter_hash": "17658cf9a8402ee86bee73aedd7a1f2a659e84df5edb063df6bb0c48121e5b6e", "seconds": 180.21, "source": "1 shard(s) under C:\\Users\\benja\\talker24\\artifacts\\fable-talker24-20260920\\shards", "dialogues": null}
exit=0

=== 3 slots, 3 min === 2026-09-20T21:12:50.5557412-04:00
[start] stage=slots preset=S device=cuda steps=1000000 from step 0; data = 1 shard(s) under C:\Users\benja\talker24\artifacts\fable-talker24-20260920\shards + dialogues: generated L1[100000:100512] symbol_mode=m0 pool=train via fable_talker24_dialogues (REAL generator output)
[step      25/1000000] act=1.2626 path=1.5520 flags=0.4526 subject_pointer=0.6346 object_pointer=0.6776 say=7.6512 grad_norm=7.9330 lr=5.00e-05 23,220 tok/s 0.83 TFLOP/s
[step      50/1000000] act=0.7398 path=1.2078 flags=0.3915 subject_pointer=0.1981 object_pointer=0.3179 say=6.7496 grad_norm=6.9516 lr=1.00e-04 28,870 tok/s 1.03 TFLOP/s
[step      75/1000000] act=0.6151 path=0.7314 flags=0.2787 subject_pointer=0.1056 object_pointer=0.1872 say=5.7377 grad_norm=9.7601 lr=1.50e-04 25,868 tok/s 0.92 TFLOP/s
[step     100/1000000] act=0.3300 path=0.4176 flags=0.1989 subject_pointer=0.0405 object_pointer=0.0648 say=4.5137 grad_norm=6.1435 lr=2.00e-04 26,914 tok/s 0.96 TFLOP/s
[step     125/1000000] act=0.1461 path=0.2396 flags=0.1357 subject_pointer=0.0130 object_pointer=0.0385 say=3.2911 grad_norm=4.8724 lr=2.50e-04 24,985 tok/s 0.89 TFLOP/s
[step     150/1000000] act=0.1030 path=0.1464 flags=0.0853 subject_pointer=0.0345 object_pointer=0.0018 say=2.4275 grad_norm=3.3027 lr=3.00e-04 28,085 tok/s 1.00 TFLOP/s
[step     175/1000000] act=0.0669 path=0.0752 flags=0.0645 subject_pointer=0.0076 object_pointer=0.0530 say=1.9381 grad_norm=12.2868 lr=3.50e-04 27,299 tok/s 0.97 TFLOP/s
[step     200/1000000] act=0.0310 path=0.0622 flags=0.0374 subject_pointer=0.0155 object_pointer=0.0003 say=1.3945 grad_norm=2.0748 lr=4.00e-04 26,437 tok/s 0.94 TFLOP/s
[step     225/1000000] act=0.0189 path=0.0305 flags=0.0231 subject_pointer=0.0123 object_pointer=0.0009 say=1.1836 grad_norm=3.6444 lr=4.50e-04 21,963 tok/s 0.78 TFLOP/s
[step     250/1000000] act=0.0122 path=0.0211 flags=0.0176 subject_pointer=0.0002 object_pointer=0.0001 say=0.9028 grad_norm=1.7020 lr=5.00e-04 24,672 tok/s 0.88 TFLOP/s
[step     275/1000000] act=0.0151 path=0.0400 flags=0.0193 subject_pointer=0.0038 object_pointer=0.0603 say=0.7790 grad_norm=5.8492 lr=5.50e-04 30,140 tok/s 1.08 TFLOP/s
[step     300/1000000] act=0.0173 path=0.0703 flags=0.0263 subject_pointer=0.0038 object_pointer=0.0027 say=0.7202 grad_norm=4.3570 lr=6.00e-04 28,777 tok/s 1.03 TFLOP/s
[step     325/1000000] act=0.0029 path=0.0163 flags=0.0081 subject_pointer=0.0000 object_pointer=0.0001 say=0.6397 grad_norm=1.5835 lr=6.00e-04 30,165 tok/s 1.08 TFLOP/s
[step     350/1000000] act=0.0261 path=0.0114 flags=0.0160 subject_pointer=0.0003 object_pointer=0.0005 say=0.5509 grad_norm=5.2218 lr=6.00e-04 26,661 tok/s 0.95 TFLOP/s
[step     375/1000000] act=0.0035 path=0.0128 flags=0.0095 subject_pointer=0.0198 object_pointer=0.0001 say=0.5755 grad_norm=4.3617 lr=6.00e-04 32,857 tok/s 1.17 TFLOP/s
[step     400/1000000] act=0.0153 path=0.0123 flags=0.0077 subject_pointer=0.0001 object_pointer=0.0037 say=0.5332 grad_norm=2.4311 lr=6.00e-04 23,717 tok/s 0.85 TFLOP/s
[step     425/1000000] act=0.0041 path=0.0100 flags=0.0085 subject_pointer=0.0002 object_pointer=0.0003 say=0.5103 grad_norm=1.2405 lr=6.00e-04 31,216 tok/s 1.11 TFLOP/s
[step     450/1000000] act=0.0008 path=0.0212 flags=0.0117 subject_pointer=0.0001 object_pointer=0.0000 say=0.5455 grad_norm=1.1209 lr=6.00e-04 30,469 tok/s 1.09 TFLOP/s
[step     475/1000000] act=0.0038 path=0.0068 flags=0.0044 subject_pointer=0.0000 object_pointer=0.0000 say=0.4647 grad_norm=1.3902 lr=6.00e-04 25,734 tok/s 0.92 TFLOP/s
[step     500/1000000] act=0.0012 path=0.0208 flags=0.0058 subject_pointer=0.0000 object_pointer=0.0000 say=0.4439 grad_norm=1.2036 lr=6.00e-04 29,293 tok/s 1.05 TFLOP/s
[step     525/1000000] act=0.0836 path=0.0158 flags=0.0039 subject_pointer=0.0000 object_pointer=0.0000 say=0.4412 grad_norm=2.5238 lr=6.00e-04 23,915 tok/s 0.85 TFLOP/s
[step     550/1000000] act=0.0014 path=0.0021 flags=0.0014 subject_pointer=0.0000 object_pointer=0.0000 say=0.3938 grad_norm=0.6992 lr=6.00e-04 28,996 tok/s 1.04 TFLOP/s
[step     575/1000000] act=0.0006 path=0.0073 flags=0.0074 subject_pointer=0.0000 object_pointer=0.0000 say=0.4332 grad_norm=1.5263 lr=6.00e-04 29,808 tok/s 1.06 TFLOP/s
[step     600/1000000] act=0.0014 path=0.0012 flags=0.0020 subject_pointer=0.0000 object_pointer=0.0000 say=0.4279 grad_norm=0.7025 lr=6.00e-04 27,105 tok/s 0.97 TFLOP/s
[step     625/1000000] act=0.0003 path=0.0017 flags=0.0009 subject_pointer=0.0000 object_pointer=0.0000 say=0.3975 grad_norm=0.6855 lr=6.00e-04 25,398 tok/s 0.91 TFLOP/s
[step     650/1000000] act=0.0003 path=0.0010 flags=0.0007 subject_pointer=0.0000 object_pointer=0.0000 say=0.3705 grad_norm=0.5102 lr=6.00e-04 24,613 tok/s 0.88 TFLOP/s
[step     675/1000000] act=0.0002 path=0.0004 flags=0.0010 subject_pointer=0.0000 object_pointer=0.0000 say=0.3969 grad_norm=0.9278 lr=6.00e-04 27,391 tok/s 0.98 TFLOP/s
[step     700/1000000] act=0.0046 path=0.0572 flags=0.0092 subject_pointer=0.0000 object_pointer=0.0000 say=0.3809 grad_norm=0.9137 lr=6.00e-04 32,426 tok/s 1.16 TFLOP/s
[step     725/1000000] act=0.0053 path=0.0007 flags=0.0005 subject_pointer=0.0000 object_pointer=0.0000 say=0.3902 grad_norm=0.9274 lr=6.00e-04 33,146 tok/s 1.18 TFLOP/s
[step     750/1000000] act=0.0015 path=0.0007 flags=0.0007 subject_pointer=0.0000 object_pointer=0.0000 say=0.3553 grad_norm=0.6680 lr=6.00e-04 25,726 tok/s 0.92 TFLOP/s
[step     775/1000000] act=0.0003 path=0.0130 flags=0.0041 subject_pointer=0.0000 object_pointer=0.0000 say=0.3579 grad_norm=0.6457 lr=6.00e-04 27,976 tok/s 1.00 TFLOP/s
[step     800/1000000] act=0.0008 path=0.0009 flags=0.0004 subject_pointer=0.0000 object_pointer=0.0000 say=0.3247 grad_norm=0.4610 lr=6.00e-04 23,927 tok/s 0.85 TFLOP/s
[step     825/1000000] act=0.0001 path=0.0023 flags=0.0007 subject_pointer=0.0000 object_pointer=0.0000 say=0.3627 grad_norm=0.5944 lr=6.00e-04 32,331 tok/s 1.15 TFLOP/s
[step     850/1000000] act=0.0001 path=0.0009 flags=0.0005 subject_pointer=0.0000 object_pointer=0.0000 say=0.3264 grad_norm=0.6315 lr=6.00e-04 32,316 tok/s 1.15 TFLOP/s
[step     875/1000000] act=0.0004 path=0.0040 flags=0.0012 subject_pointer=0.0000 object_pointer=0.0000 say=0.3260 grad_norm=0.5888 lr=6.00e-04 25,491 tok/s 0.91 TFLOP/s
[step     900/1000000] act=0.0001 path=0.0004 flags=0.0004 subject_pointer=0.0000 object_pointer=0.0000 say=0.3386 grad_norm=0.6354 lr=6.00e-04 27,742 tok/s 0.99 TFLOP/s
[step     925/1000000] act=0.0001 path=0.0010 flags=0.0008 subject_pointer=0.0000 object_pointer=0.0000 say=0.3387 grad_norm=0.5338 lr=6.00e-04 25,331 tok/s 0.90 TFLOP/s
[step     950/1000000] act=0.0003 path=0.0005 flags=0.0005 subject_pointer=0.0000 object_pointer=0.0000 say=0.3024 grad_norm=0.5187 lr=6.00e-04 24,680 tok/s 0.88 TFLOP/s
[step     975/1000000] act=0.0011 path=0.0005 flags=0.0003 subject_pointer=0.0000 object_pointer=0.0000 say=0.3257 grad_norm=0.6659 lr=6.00e-04 25,937 tok/s 0.93 TFLOP/s
[step    1000/1000000] act=0.0001 path=0.0007 flags=0.0002 subject_pointer=0.0000 object_pointer=0.0000 say=0.3103 grad_norm=0.4086 lr=6.00e-04 26,036 tok/s 0.93 TFLOP/s
[step    1025/1000000] act=0.0001 path=0.0007 flags=0.0002 subject_pointer=0.0000 object_pointer=0.0000 say=0.2706 grad_norm=0.4931 lr=6.00e-04 22,396 tok/s 0.80 TFLOP/s
[step    1050/1000000] act=0.0001 path=0.0001 flags=0.0018 subject_pointer=0.0000 object_pointer=0.0000 say=0.3391 grad_norm=0.8109 lr=6.00e-04 22,572 tok/s 0.81 TFLOP/s
[step    1075/1000000] act=0.0001 path=0.0002 flags=0.0001 subject_pointer=0.0000 object_pointer=0.0000 say=0.2750 grad_norm=0.5009 lr=6.00e-04 28,657 tok/s 1.02 TFLOP/s
[step    1100/1000000] act=0.0003 path=0.0007 flags=0.0001 subject_pointer=0.0000 object_pointer=0.0265 say=0.2803 grad_norm=3.2757 lr=6.00e-04 26,291 tok/s 0.94 TFLOP/s
[step    1125/1000000] act=0.0001 path=0.0014 flags=0.0003 subject_pointer=0.0000 object_pointer=0.0000 say=0.2829 grad_norm=0.4657 lr=6.00e-04 26,513 tok/s 0.95 TFLOP/s
[step    1150/1000000] act=0.0001 path=0.0001 flags=0.0001 subject_pointer=0.0000 object_pointer=0.0000 say=0.2427 grad_norm=0.6113 lr=6.00e-04 26,694 tok/s 0.95 TFLOP/s
[step    1175/1000000] act=0.0000 path=0.0001 flags=0.0001 subject_pointer=0.0000 object_pointer=0.0000 say=0.2628 grad_norm=0.4698 lr=6.00e-04 27,080 tok/s 0.97 TFLOP/s
[step    1200/1000000] act=0.0001 path=0.0003 flags=0.0002 subject_pointer=0.0001 object_pointer=0.0000 say=0.2872 grad_norm=0.5790 lr=6.00e-04 22,048 tok/s 0.79 TFLOP/s
[step    1225/1000000] act=0.0000 path=0.0005 flags=0.0002 subject_pointer=0.0000 object_pointer=0.0000 say=0.2660 grad_norm=0.4501 lr=6.00e-04 29,605 tok/s 1.06 TFLOP/s
[step    1250/1000000] act=0.0051 path=0.0311 flags=0.0061 subject_pointer=0.0590 object_pointer=0.0002 say=0.3044 grad_norm=6.3662 lr=6.00e-04 31,993 tok/s 1.14 TFLOP/s
[step    1275/1000000] act=0.0063 path=0.0006 flags=0.0002 subject_pointer=0.0000 object_pointer=0.0000 say=0.2771 grad_norm=0.8865 lr=6.00e-04 30,283 tok/s 1.08 TFLOP/s
[step    1300/1000000] act=0.0755 path=0.0007 flags=0.0123 subject_pointer=0.0001 object_pointer=0.0000 say=0.2944 grad_norm=3.3065 lr=6.00e-04 30,540 tok/s 1.09 TFLOP/s
[step    1325/1000000] act=0.0001 path=0.0005 flags=0.0001 subject_pointer=0.0000 object_pointer=0.0000 say=0.2624 grad_norm=0.4514 lr=6.00e-04 29,027 tok/s 1.04 TFLOP/s
[step    1350/1000000] act=0.0005 path=0.0001 flags=0.0001 subject_pointer=0.0000 object_pointer=0.0000 say=0.2542 grad_norm=0.8207 lr=6.00e-04 30,017 tok/s 1.07 TFLOP/s
[step    1375/1000000] act=0.0001 path=0.0001 flags=0.0001 subject_pointer=0.0000 object_pointer=0.0000 say=0.2436 grad_norm=0.4395 lr=6.00e-04 29,982 tok/s 1.07 TFLOP/s
[step    1400/1000000] act=0.0001 path=0.0002 flags=0.0001 subject_pointer=0.0000 object_pointer=0.0000 say=0.2356 grad_norm=0.6884 lr=6.00e-04 23,085 tok/s 0.82 TFLOP/s
[step    1425/1000000] act=0.0001 path=0.0033 flags=0.0002 subject_pointer=0.0000 object_pointer=0.0000 say=0.2295 grad_norm=0.4786 lr=6.00e-04 25,180 tok/s 0.90 TFLOP/s
[step    1450/1000000] act=0.0000 path=0.0005 flags=0.0001 subject_pointer=0.0000 object_pointer=0.0000 say=0.3094 grad_norm=0.5604 lr=6.00e-04 24,511 tok/s 0.87 TFLOP/s
[step    1475/1000000] act=0.0001 path=0.0004 flags=0.0002 subject_pointer=0.0000 object_pointer=0.0000 say=0.2412 grad_norm=0.4149 lr=6.00e-04 22,629 tok/s 0.81 TFLOP/s
[step    1500/1000000] act=0.0000 path=0.0001 flags=0.0000 subject_pointer=0.0000 object_pointer=0.0000 say=0.2661 grad_norm=0.4860 lr=6.00e-04 26,132 tok/s 0.93 TFLOP/s
[step    1525/1000000] act=0.0000 path=0.0004 flags=0.0000 subject_pointer=0.0000 object_pointer=0.0000 say=0.2286 grad_norm=0.3839 lr=6.00e-04 24,699 tok/s 0.88 TFLOP/s
[step    1550/1000000] act=0.0006 path=0.0003 flags=0.0001 subject_pointer=0.0000 object_pointer=0.0000 say=0.2540 grad_norm=0.5103 lr=6.00e-04 24,546 tok/s 0.88 TFLOP/s
[step    1575/1000000] act=0.0000 path=0.0002 flags=0.0001 subject_pointer=0.0000 object_pointer=0.0000 say=0.1898 grad_norm=0.4493 lr=6.00e-04 29,226 tok/s 1.04 TFLOP/s
[step    1600/1000000] act=0.0001 path=0.0000 flags=0.0002 subject_pointer=0.0000 object_pointer=0.0000 say=0.2347 grad_norm=0.5222 lr=6.00e-04 31,256 tok/s 1.12 TFLOP/s
[step    1625/1000000] act=0.0000 path=0.0002 flags=0.0000 subject_pointer=0.0000 object_pointer=0.0000 say=0.2023 grad_norm=0.3818 lr=6.00e-04 31,996 tok/s 1.14 TFLOP/s
[step    1650/1000000] act=0.0000 path=0.0003 flags=0.0001 subject_pointer=0.0000 object_pointer=0.0000 say=0.2401 grad_norm=0.5071 lr=6.00e-04 32,002 tok/s 1.14 TFLOP/s
[step    1675/1000000] act=0.0001 path=0.0001 flags=0.0000 subject_pointer=0.0000 object_pointer=0.0112 say=0.2512 grad_norm=3.1505 lr=6.00e-04 31,964 tok/s 1.14 TFLOP/s
[step    1700/1000000] act=0.0015 path=0.0001 flags=0.0001 subject_pointer=0.0000 object_pointer=0.0000 say=0.2411 grad_norm=0.6551 lr=6.00e-04 26,798 tok/s 0.96 TFLOP/s
[step    1725/1000000] act=0.0001 path=0.0001 flags=0.0000 subject_pointer=0.0000 object_pointer=0.0000 say=0.2285 grad_norm=0.5165 lr=6.00e-04 25,729 tok/s 0.92 TFLOP/s
[step    1750/1000000] act=0.0000 path=0.0001 flags=0.0001 subject_pointer=0.0000 object_pointer=0.0000 say=0.2151 grad_norm=0.5466 lr=6.00e-04 27,692 tok/s 0.99 TFLOP/s
[step    1775/1000000] act=0.0001 path=0.0003 flags=0.0001 subject_pointer=0.0000 object_pointer=0.0000 say=0.2000 grad_norm=0.4986 lr=6.00e-04 24,688 tok/s 0.88 TFLOP/s
[step    1800/1000000] act=0.1150 path=0.0001 flags=0.0000 subject_pointer=0.0000 object_pointer=0.0000 say=0.1949 grad_norm=5.3894 lr=6.00e-04 22,528 tok/s 0.80 TFLOP/s
[step    1825/1000000] act=0.0002 path=0.0001 flags=0.0001 subject_pointer=0.0000 object_pointer=0.0000 say=0.2171 grad_norm=0.5411 lr=6.00e-04 23,016 tok/s 0.82 TFLOP/s
[step    1850/1000000] act=0.0001 path=0.0001 flags=0.0002 subject_pointer=0.0000 object_pointer=0.0000 say=0.2087 grad_norm=0.4912 lr=6.00e-04 22,094 tok/s 0.79 TFLOP/s
[step    1875/1000000] act=0.0000 path=0.0002 flags=0.0000 subject_pointer=0.0000 object_pointer=0.0000 say=0.1826 grad_norm=0.6324 lr=6.00e-04 25,381 tok/s 0.91 TFLOP/s
[step    1900/1000000] act=0.0000 path=0.0001 flags=0.0001 subject_pointer=0.0000 object_pointer=0.0000 say=0.1875 grad_norm=0.7042 lr=6.00e-04 24,617 tok/s 0.88 TFLOP/s
[step    1925/1000000] act=0.0000 path=0.0015 flags=0.0001 subject_pointer=0.0000 object_pointer=0.0000 say=0.1709 grad_norm=0.4317 lr=6.00e-04 25,932 tok/s 0.93 TFLOP/s
[step    1950/1000000] act=0.0000 path=0.0117 flags=0.0002 subject_pointer=0.0000 object_pointer=0.0000 say=0.1803 grad_norm=0.8043 lr=6.00e-04 21,815 tok/s 0.78 TFLOP/s
[step    1975/1000000] act=0.0000 path=0.0004 flags=0.0000 subject_pointer=0.0000 object_pointer=0.0000 say=0.1751 grad_norm=0.3868 lr=6.00e-04 29,862 tok/s 1.07 TFLOP/s
[step    2000/1000000] act=0.0000 path=0.0001 flags=0.0000 subject_pointer=0.0000 object_pointer=0.0000 say=0.1803 grad_norm=0.5074 lr=6.00e-04 31,695 tok/s 1.13 TFLOP/s
[step    2025/1000000] act=0.0000 path=0.0006 flags=0.0000 subject_pointer=0.0000 object_pointer=0.0000 say=0.1532 grad_norm=0.4313 lr=6.00e-04 27,382 tok/s 0.98 TFLOP/s
[step    2050/1000000] act=0.0002 path=0.0001 flags=0.0001 subject_pointer=0.0000 object_pointer=0.0000 say=0.2102 grad_norm=0.5455 lr=6.00e-04 31,077 tok/s 1.11 TFLOP/s
[step    2075/1000000] act=0.0001 path=0.0028 flags=0.0000 subject_pointer=0.0000 object_pointer=0.0000 say=0.1684 grad_norm=0.7108 lr=6.00e-04 30,954 tok/s 1.10 TFLOP/s
[step    2100/1000000] act=0.0000 path=0.0001 flags=0.0000 subject_pointer=0.0000 object_pointer=0.0000 say=0.1433 grad_norm=0.4487 lr=6.00e-04 31,132 tok/s 1.11 TFLOP/s
[step    2125/1000000] act=0.0002 path=0.0001 flags=0.0001 subject_pointer=0.0000 object_pointer=0.0000 say=0.1790 grad_norm=0.5452 lr=6.00e-04 29,997 tok/s 1.07 TFLOP/s
[step    2150/1000000] act=0.0001 path=0.0000 flags=0.0001 subject_pointer=0.0000 object_pointer=0.0000 say=0.1809 grad_norm=0.6387 lr=6.00e-04 25,071 tok/s 0.89 TFLOP/s
[step    2175/1000000] act=0.0000 path=0.0001 flags=0.0000 subject_pointer=0.0000 object_pointer=0.0000 say=0.1457 grad_norm=0.4932 lr=6.00e-04 23,896 tok/s 0.85 TFLOP/s
[step    2200/1000000] act=0.0000 path=0.0000 flags=0.0001 subject_pointer=0.0000 object_pointer=0.0000 say=0.1622 grad_norm=0.5634 lr=6.00e-04 22,906 tok/s 0.82 TFLOP/s
[step    2225/1000000] act=0.0000 path=0.0003 flags=0.0001 subject_pointer=0.0000 object_pointer=0.0000 say=0.1565 grad_norm=0.5739 lr=6.00e-04 24,052 tok/s 0.86 TFLOP/s
[step    2250/1000000] act=0.0000 path=0.0002 flags=0.0000 subject_pointer=0.0000 object_pointer=0.0000 say=0.1956 grad_norm=0.6252 lr=6.00e-04 23,028 tok/s 0.82 TFLOP/s
[step    2275/1000000] act=0.0001 path=0.0000 flags=0.0000 subject_pointer=0.0000 object_pointer=0.0000 say=0.1685 grad_norm=0.5024 lr=6.00e-04 24,172 tok/s 0.86 TFLOP/s
[step    2300/1000000] act=0.0004 path=0.0001 flags=0.0000 subject_pointer=0.0000 object_pointer=0.0000 say=0.1429 grad_norm=0.4901 lr=6.00e-04 24,527 tok/s 0.88 TFLOP/s
[step    2325/1000000] act=0.0000 path=0.0000 flags=0.0000 subject_pointer=0.0000 object_pointer=0.0000 say=0.1469 grad_norm=0.4592 lr=6.00e-04 22,588 tok/s 0.81 TFLOP/s
[step    2350/1000000] act=0.0001 path=0.0000 flags=0.0000 subject_pointer=0.0000 object_pointer=0.0000 say=0.1330 grad_norm=0.5124 lr=6.00e-04 31,334 tok/s 1.12 TFLOP/s
[step    2375/1000000] act=0.0000 path=0.0004 flags=0.0003 subject_pointer=0.0000 object_pointer=0.0000 say=0.1580 grad_norm=0.5353 lr=6.00e-04 32,585 tok/s 1.16 TFLOP/s
[step    2400/1000000] act=0.0000 path=0.0000 flags=0.0000 subject_pointer=0.0000 object_pointer=0.0000 say=0.1443 grad_norm=0.6806 lr=6.00e-04 32,226 tok/s 1.15 TFLOP/s
[step    2425/1000000] act=0.0000 path=0.0000 flags=0.0000 subject_pointer=0.0000 object_pointer=0.0000 say=0.1423 grad_norm=0.6568 lr=6.00e-04 31,789 tok/s 1.13 TFLOP/s
[step    2450/1000000] act=0.0000 path=0.0004 flags=0.0000 subject_pointer=0.0000 object_pointer=0.0000 say=0.1868 grad_norm=0.5904 lr=6.00e-04 31,174 tok/s 1.11 TFLOP/s
[step    2475/1000000] act=0.0002 path=0.0001 flags=0.0000 subject_pointer=0.0000 object_pointer=0.0000 say=0.1446 grad_norm=0.5193 lr=6.00e-04 31,325 tok/s 1.12 TFLOP/s
[step    2500/1000000] act=0.0000 path=0.0002 flags=0.0000 subject_pointer=0.0000 object_pointer=0.0000 say=0.1395 grad_norm=0.5979 lr=6.00e-04 31,964 tok/s 1.14 TFLOP/s
[step    2525/1000000] act=0.0000 path=0.0000 flags=0.0000 subject_pointer=0.0000 object_pointer=0.0000 say=0.1698 grad_norm=0.5612 lr=6.00e-04 25,411 tok/s 0.91 TFLOP/s
[step    2550/1000000] act=0.0000 path=0.0001 flags=0.0000 subject_pointer=0.0000 object_pointer=0.0000 say=0.1612 grad_norm=0.5390 lr=6.00e-04 22,090 tok/s 0.79 TFLOP/s
[step    2575/1000000] act=0.0000 path=0.0001 flags=0.0000 subject_pointer=0.0000 object_pointer=0.0000 say=0.1179 grad_norm=0.5282 lr=6.00e-04 22,236 tok/s 0.79 TFLOP/s
[step    2600/1000000] act=0.0000 path=0.0000 flags=0.0000 subject_pointer=0.0000 object_pointer=0.0000 say=0.1360 grad_norm=0.6606 lr=6.00e-04 24,799 tok/s 0.89 TFLOP/s
[step    2625/1000000] act=0.0000 path=0.0000 flags=0.0000 subject_pointer=0.0000 object_pointer=0.0000 say=0.1330 grad_norm=0.5272 lr=6.00e-04 24,102 tok/s 0.86 TFLOP/s
[step    2650/1000000] act=0.0001 path=0.0001 flags=0.0001 subject_pointer=0.0000 object_pointer=0.0000 say=0.1359 grad_norm=0.5373 lr=6.00e-04 23,513 tok/s 0.84 TFLOP/s
[step    2675/1000000] act=0.0000 path=0.0001 flags=0.0000 subject_pointer=0.0000 object_pointer=0.0000 say=0.1175 grad_norm=0.4716 lr=6.00e-04 24,316 tok/s 0.87 TFLOP/s
[step    2700/1000000] act=0.0000 path=0.0007 flags=0.0009 subject_pointer=0.0000 object_pointer=0.0000 say=0.1511 grad_norm=0.6391 lr=6.00e-04 21,853 tok/s 0.78 TFLOP/s
[step    2725/1000000] act=0.0000 path=0.0008 flags=0.0000 subject_pointer=0.0000 object_pointer=0.0000 say=0.1310 grad_norm=0.5128 lr=6.00e-04 27,586 tok/s 0.98 TFLOP/s
[step    2750/1000000] act=0.0000 path=0.0001 flags=0.0000 subject_pointer=0.0000 object_pointer=0.0000 say=0.1593 grad_norm=0.5548 lr=6.00e-04 26,169 tok/s 0.93 TFLOP/s
[step    2775/1000000] act=0.0001 path=0.0001 flags=0.0000 subject_pointer=0.0000 object_pointer=0.0000 say=0.1392 grad_norm=0.7104 lr=6.00e-04 31,393 tok/s 1.12 TFLOP/s
[step    2800/1000000] act=0.0000 path=0.0000 flags=0.0007 subject_pointer=0.0000 object_pointer=0.0000 say=0.1845 grad_norm=0.6117 lr=6.00e-04 33,036 tok/s 1.18 TFLOP/s
[step    2825/1000000] act=0.0000 path=0.0001 flags=0.0000 subject_pointer=0.0000 object_pointer=0.0000 say=0.1174 grad_norm=0.6321 lr=6.00e-04 31,045 tok/s 1.11 TFLOP/s
[step    2850/1000000] act=0.0000 path=0.0003 flags=0.0002 subject_pointer=0.0000 object_pointer=0.0000 say=0.1253 grad_norm=0.4961 lr=6.00e-04 31,402 tok/s 1.12 TFLOP/s
[step    2875/1000000] act=0.0000 path=0.0000 flags=0.0000 subject_pointer=0.0000 object_pointer=0.0000 say=0.1648 grad_norm=0.6354 lr=6.00e-04 32,921 tok/s 1.18 TFLOP/s
[step    2900/1000000] act=0.0000 path=0.0000 flags=0.0000 subject_pointer=0.0000 object_pointer=0.0000 say=0.1076 grad_norm=0.4605 lr=6.00e-04 32,042 tok/s 1.14 TFLOP/s
[step    2925/1000000] act=0.0000 path=0.0002 flags=0.0000 subject_pointer=0.0000 object_pointer=0.0000 say=0.1189 grad_norm=0.4886 lr=6.00e-04 26,566 tok/s 0.95 TFLOP/s
[step    2950/1000000] act=0.0000 path=0.0000 flags=0.0000 subject_pointer=0.0000 object_pointer=0.0000 say=0.1280 grad_norm=0.6225 lr=6.00e-04 26,111 tok/s 0.93 TFLOP/s
[step    2975/1000000] act=0.0000 path=0.0000 flags=0.0000 subject_pointer=0.0000 object_pointer=0.0000 say=0.1709 grad_norm=0.6368 lr=6.00e-04 23,281 tok/s 0.83 TFLOP/s
[step    3000/1000000] act=0.0000 path=0.0000 flags=0.0000 subject_pointer=0.0000 object_pointer=0.0000 say=0.1506 grad_norm=0.5890 lr=6.00e-04 23,513 tok/s 0.84 TFLOP/s
[step    3025/1000000] act=0.0000 path=0.0000 flags=0.0001 subject_pointer=0.0000 object_pointer=0.0000 say=0.1379 grad_norm=0.5253 lr=6.00e-04 20,434 tok/s 0.73 TFLOP/s
[step    3050/1000000] act=0.0000 path=0.0000 flags=0.0000 subject_pointer=0.0000 object_pointer=0.0000 say=0.0992 grad_norm=0.6853 lr=6.00e-04 24,228 tok/s 0.86 TFLOP/s
[step    3075/1000000] act=0.0000 path=0.0000 flags=0.0003 subject_pointer=0.0000 object_pointer=0.0000 say=0.1336 grad_norm=0.5015 lr=6.00e-04 22,143 tok/s 0.79 TFLOP/s
[step    3100/1000000] act=0.0000 path=0.0000 flags=0.0000 subject_pointer=0.0000 object_pointer=0.0000 say=0.0802 grad_norm=0.4914 lr=6.00e-04 24,562 tok/s 0.88 TFLOP/s
[step    3125/1000000] act=0.0000 path=0.0026 flags=0.0000 subject_pointer=0.0000 object_pointer=0.0000 say=0.1089 grad_norm=0.5007 lr=6.00e-04 28,128 tok/s 1.00 TFLOP/s
[step    3150/1000000] act=0.0000 path=0.0000 flags=0.0000 subject_pointer=0.0000 object_pointer=0.0000 say=0.1201 grad_norm=0.5209 lr=6.00e-04 27,414 tok/s 0.98 TFLOP/s
[step    3175/1000000] act=0.0004 path=0.0000 flags=0.0000 subject_pointer=0.0000 object_pointer=0.0000 say=0.1084 grad_norm=0.5033 lr=6.00e-04 28,182 tok/s 1.01 TFLOP/s
[step    3200/1000000] act=0.0001 path=0.0001 flags=0.0000 subject_pointer=0.0000 object_pointer=0.0000 say=0.1074 grad_norm=0.4629 lr=6.00e-04 31,515 tok/s 1.12 TFLOP/s
[step    3225/1000000] act=0.0002 path=0.0002 flags=0.0001 subject_pointer=0.0000 object_pointer=0.0000 say=0.1201 grad_norm=0.6563 lr=6.00e-04 32,104 tok/s 1.15 TFLOP/s
[step    3250/1000000] act=0.0000 path=0.0004 flags=0.0000 subject_pointer=0.0000 object_pointer=0.0000 say=0.1088 grad_norm=0.6404 lr=6.00e-04 30,711 tok/s 1.10 TFLOP/s
[step    3275/1000000] act=0.0000 path=0.0001 flags=0.0001 subject_pointer=0.0000 object_pointer=0.0000 say=0.1547 grad_norm=0.5936 lr=6.00e-04 26,799 tok/s 0.96 TFLOP/s
[step    3300/1000000] act=0.0000 path=0.0001 flags=0.0000 subject_pointer=0.0000 object_pointer=0.0000 say=0.0916 grad_norm=0.4824 lr=6.00e-04 22,606 tok/s 0.81 TFLOP/s
[step    3325/1000000] act=0.0000 path=0.0000 flags=0.0000 subject_pointer=0.0000 object_pointer=0.0000 say=0.1138 grad_norm=0.4868 lr=6.00e-04 26,186 tok/s 0.93 TFLOP/s
[step    3350/1000000] act=0.0001 path=0.0007 flags=0.0001 subject_pointer=0.0000 object_pointer=0.0000 say=0.1599 grad_norm=0.5788 lr=6.00e-04 26,203 tok/s 0.94 TFLOP/s
[step    3375/1000000] act=0.0000 path=0.0000 flags=0.0000 subject_pointer=0.0000 object_pointer=0.0000 say=0.1087 grad_norm=0.4120 lr=6.00e-04 22,113 tok/s 0.79 TFLOP/s
[step    3400/1000000] act=0.0000 path=0.0000 flags=0.0000 subject_pointer=0.0000 object_pointer=0.0000 say=0.1045 grad_norm=0.4864 lr=6.00e-04 25,163 tok/s 0.90 TFLOP/s
[step    3425/1000000] act=0.0000 path=0.0000 flags=0.0000 subject_pointer=0.0000 object_pointer=0.0000 say=0.0777 grad_norm=0.4691 lr=6.00e-04 22,736 tok/s 0.81 TFLOP/s
[step    3450/1000000] act=0.0001 path=0.0000 flags=0.0000 subject_pointer=0.0000 object_pointer=0.0000 say=0.0968 grad_norm=0.4051 lr=6.00e-04 24,210 tok/s 0.86 TFLOP/s
[step    3475/1000000] act=0.0000 path=0.0000 flags=0.0000 subject_pointer=0.0000 object_pointer=0.0000 say=0.1182 grad_norm=0.4839 lr=6.00e-04 36,058 tok/s 1.29 TFLOP/s
[step    3500/1000000] act=0.0000 path=0.0000 flags=0.0000 subject_pointer=0.0000 object_pointer=0.0000 say=0.0986 grad_norm=0.4621 lr=6.00e-04 25,525 tok/s 0.91 TFLOP/s
[step    3525/1000000] act=0.0565 path=0.0000 flags=0.0000 subject_pointer=0.0000 object_pointer=0.0000 say=0.0794 grad_norm=3.4897 lr=6.00e-04 24,648 tok/s 0.88 TFLOP/s
[step    3550/1000000] act=0.0000 path=0.0005 flags=0.0001 subject_pointer=0.0235 object_pointer=0.0000 say=0.1050 grad_norm=7.0112 lr=6.00e-04 27,411 tok/s 0.98 TFLOP/s
[step    3575/1000000] act=0.0000 path=0.0000 flags=0.0000 subject_pointer=0.0000 object_pointer=0.0000 say=0.0700 grad_norm=0.4120 lr=6.00e-04 30,122 tok/s 1.08 TFLOP/s
[step    3600/1000000] act=0.0000 path=0.0000 flags=0.0000 subject_pointer=0.0000 object_pointer=0.0000 say=0.0976 grad_norm=0.5058 lr=6.00e-04 27,164 tok/s 0.97 TFLOP/s
[step    3625/1000000] act=0.0001 path=0.0001 flags=0.0000 subject_pointer=0.0000 object_pointer=0.0000 say=0.1167 grad_norm=0.5732 lr=6.00e-04 31,966 tok/s 1.14 TFLOP/s
[step    3650/1000000] act=0.0000 path=0.0000 flags=0.0000 subject_pointer=0.0000 object_pointer=0.0000 say=0.1078 grad_norm=0.4655 lr=6.00e-04 31,163 tok/s 1.11 TFLOP/s
[step    3675/1000000] act=0.0000 path=0.0000 flags=0.0000 subject_pointer=0.0000 object_pointer=0.0000 say=0.1281 grad_norm=0.4387 lr=6.00e-04 28,720 tok/s 1.03 TFLOP/s
[step    3700/1000000] act=0.0000 path=0.0000 flags=0.0003 subject_pointer=0.0000 object_pointer=0.0000 say=0.1066 grad_norm=0.4958 lr=6.00e-04 26,044 tok/s 0.93 TFLOP/s
[step    3725/1000000] act=0.0001 path=0.0000 flags=0.0000 subject_pointer=0.0000 object_pointer=0.0000 say=0.1029 grad_norm=0.5267 lr=6.00e-04 24,987 tok/s 0.89 TFLOP/s
[step    3750/1000000] act=0.0001 path=0.0012 flags=0.0021 subject_pointer=0.0000 object_pointer=0.0000 say=0.1271 grad_norm=1.0711 lr=6.00e-04 27,366 tok/s 0.98 TFLOP/s
[step    3775/1000000] act=0.0000 path=0.0000 flags=0.0000 subject_pointer=0.0000 object_pointer=0.0000 say=0.0942 grad_norm=0.4381 lr=6.00e-04 24,799 tok/s 0.89 TFLOP/s
[step    3800/1000000] act=0.0000 path=0.0000 flags=0.0000 subject_pointer=0.0000 object_pointer=0.0000 say=0.1193 grad_norm=0.6053 lr=6.00e-04 29,292 tok/s 1.05 TFLOP/s
[step    3825/1000000] act=0.0003 path=0.0002 flags=0.0000 subject_pointer=0.0000 object_pointer=0.0000 say=0.1078 grad_norm=0.6199 lr=6.00e-04 24,210 tok/s 0.86 TFLOP/s
[step    3850/1000000] act=0.0000 path=0.0000 flags=0.0000 subject_pointer=0.0000 object_pointer=0.0000 say=0.1015 grad_norm=0.6063 lr=6.00e-04 25,082 tok/s 0.90 TFLOP/s
[step    3875/1000000] act=0.0001 path=0.0001 flags=0.0002 subject_pointer=0.0000 object_pointer=0.0000 say=0.1002 grad_norm=0.5095 lr=6.00e-04 31,011 tok/s 1.11 TFLOP/s
[step    3900/1000000] act=0.0000 path=0.0000 flags=0.0000 subject_pointer=0.0000 object_pointer=0.0000 say=0.0966 grad_norm=0.4794 lr=6.00e-04 28,907 tok/s 1.03 TFLOP/s
[step    3925/1000000] act=0.0000 path=0.0000 flags=0.0000 subject_pointer=0.0000 object_pointer=0.0000 say=0.1356 grad_norm=0.5385 lr=6.00e-04 28,560 tok/s 1.02 TFLOP/s
[step    3950/1000000] act=0.0000 path=0.0003 flags=0.0001 subject_pointer=0.0000 object_pointer=0.0000 say=0.1124 grad_norm=0.4841 lr=6.00e-04 29,756 tok/s 1.06 TFLOP/s
[step    3975/1000000] act=0.0010 path=0.0000 flags=0.0000 subject_pointer=0.0000 object_pointer=0.0000 say=0.1008 grad_norm=0.4892 lr=6.00e-04 27,538 tok/s 0.98 TFLOP/s
[step    4000/1000000] act=0.0000 path=0.0000 flags=0.0000 subject_pointer=0.0000 object_pointer=0.0000 say=0.1013 grad_norm=0.4336 lr=6.00e-04 31,340 tok/s 1.12 TFLOP/s
[step    4025/1000000] act=0.0000 path=0.0000 flags=0.0000 subject_pointer=0.0000 object_pointer=0.0000 say=0.1253 grad_norm=0.5027 lr=6.00e-04 24,970 tok/s 0.89 TFLOP/s
[step    4050/1000000] act=0.0000 path=0.0000 flags=0.0000 subject_pointer=0.0000 object_pointer=0.0000 say=0.1281 grad_norm=0.5900 lr=6.00e-04 25,476 tok/s 0.91 TFLOP/s
[stop] time limit 3.0 min reached at step 4055
[done] {"finished": false, "stopped": "time-limit", "step": 4055, "tokens": 4821971, "checkpoint": "C:\\Users\\benja\\talker24\\artifacts\\fable-talker24-20260920\\s0\\slots\\final.pt", "parameter_hash": "f361cbb6ba5fb92c7659aca1c1b58986260df706b8ce316b1ab2818c82d231d8", "seconds": 180.15, "source": "1 shard(s) under C:\\Users\\benja\\talker24\\artifacts\\fable-talker24-20260920\\shards + dialogues: generated L1[100000:100512] symbol_mode=m0 pool=train via fable_talker24_dialogues (REAL generator output)", "dialogues": {"source": "generated L1[100000:100512] symbol_mode=m0 pool=train via fable_talker24_dialogues (REAL generator output)", "turns": 6749, "parse_counters": {"name_not_in_world": 38}, "synthetic": false}}
exit=0

=== 4 thinker through the frozen mouth, 3 min === 2026-09-20T21:15:54.1351612-04:00
[start] stage=thinker preset=S device=cuda steps=1000000 from step 0; data = 1 shard(s) under C:\Users\benja\talker24\artifacts\fable-talker24-20260920\shards + dialogues: generated L1[100000:100512] symbol_mode=m0 pool=train via fable_talker24_dialogues (REAL generator output)
[step      25/1000000] through_mouth=8.9310 act=0.1460 grad_norm=1.0041 lr=5.00e-05 26,882 tok/s 0.88 TFLOP/s
[step      50/1000000] through_mouth=8.4978 act=0.1435 grad_norm=0.6249 lr=1.00e-04 29,612 tok/s 0.97 TFLOP/s
[step      75/1000000] through_mouth=8.4031 act=0.1261 grad_norm=0.3852 lr=1.50e-04 27,063 tok/s 0.88 TFLOP/s
[step     100/1000000] through_mouth=8.3491 act=0.0980 grad_norm=0.4261 lr=2.00e-04 28,701 tok/s 0.94 TFLOP/s
[step     125/1000000] through_mouth=8.3152 act=0.0762 grad_norm=0.5117 lr=2.50e-04 32,998 tok/s 1.08 TFLOP/s
[step     150/1000000] through_mouth=8.2879 act=0.0678 grad_norm=0.4304 lr=3.00e-04 32,509 tok/s 1.06 TFLOP/s
[step     175/1000000] through_mouth=8.3277 act=0.0713 grad_norm=0.6974 lr=3.50e-04 29,376 tok/s 0.96 TFLOP/s
[step     200/1000000] through_mouth=8.3263 act=0.0691 grad_norm=0.5594 lr=4.00e-04 30,474 tok/s 0.99 TFLOP/s
[step     225/1000000] through_mouth=8.3449 act=0.0627 grad_norm=0.6658 lr=4.50e-04 36,554 tok/s 1.19 TFLOP/s
[step     250/1000000] through_mouth=8.3209 act=0.0581 grad_norm=0.5460 lr=5.00e-04 36,193 tok/s 1.18 TFLOP/s
[step     275/1000000] through_mouth=8.3199 act=0.0607 grad_norm=0.9091 lr=5.50e-04 35,385 tok/s 1.16 TFLOP/s
[step     300/1000000] through_mouth=8.3066 act=0.0573 grad_norm=0.6210 lr=6.00e-04 35,018 tok/s 1.14 TFLOP/s
[step     325/1000000] through_mouth=8.3767 act=0.0570 grad_norm=0.4465 lr=6.00e-04 30,523 tok/s 1.00 TFLOP/s
[step     350/1000000] through_mouth=8.2905 act=0.0412 grad_norm=0.4206 lr=6.00e-04 28,156 tok/s 0.92 TFLOP/s
[step     375/1000000] through_mouth=8.3226 act=0.0605 grad_norm=0.7199 lr=6.00e-04 35,089 tok/s 1.15 TFLOP/s
[step     400/1000000] through_mouth=8.2877 act=0.0409 grad_norm=0.5106 lr=6.00e-04 22,357 tok/s 0.73 TFLOP/s
[step     425/1000000] through_mouth=8.4486 act=0.0305 grad_norm=1.3174 lr=6.00e-04 27,176 tok/s 0.89 TFLOP/s
[step     450/1000000] through_mouth=8.3458 act=0.0310 grad_norm=0.5366 lr=6.00e-04 26,454 tok/s 0.86 TFLOP/s
[step     475/1000000] through_mouth=8.3000 act=0.0397 grad_norm=0.8839 lr=6.00e-04 28,286 tok/s 0.92 TFLOP/s
[step     500/1000000] through_mouth=8.3239 act=0.0347 grad_norm=0.7914 lr=6.00e-04 24,388 tok/s 0.80 TFLOP/s
[step     525/1000000] through_mouth=8.3371 act=0.0466 grad_norm=0.8143 lr=6.00e-04 26,276 tok/s 0.86 TFLOP/s
[step     550/1000000] through_mouth=8.3311 act=0.0379 grad_norm=0.4002 lr=6.00e-04 27,213 tok/s 0.89 TFLOP/s
[step     575/1000000] through_mouth=8.3406 act=0.0395 grad_norm=0.7453 lr=6.00e-04 28,315 tok/s 0.92 TFLOP/s
[step     600/1000000] through_mouth=8.3891 act=0.0379 grad_norm=0.6755 lr=6.00e-04 30,711 tok/s 1.00 TFLOP/s
[step     625/1000000] through_mouth=8.3064 act=0.0440 grad_norm=0.4791 lr=6.00e-04 36,648 tok/s 1.20 TFLOP/s
[step     650/1000000] through_mouth=8.3344 act=0.0358 grad_norm=0.4995 lr=6.00e-04 36,408 tok/s 1.19 TFLOP/s
[step     675/1000000] through_mouth=8.3185 act=0.0273 grad_norm=0.5591 lr=6.00e-04 35,677 tok/s 1.16 TFLOP/s
[step     700/1000000] through_mouth=8.3199 act=0.0479 grad_norm=0.5669 lr=6.00e-04 35,710 tok/s 1.17 TFLOP/s
[step     725/1000000] through_mouth=8.2980 act=0.0409 grad_norm=0.6530 lr=6.00e-04 36,621 tok/s 1.20 TFLOP/s
[step     750/1000000] through_mouth=8.3039 act=0.0545 grad_norm=0.5955 lr=6.00e-04 34,854 tok/s 1.14 TFLOP/s
[step     775/1000000] through_mouth=8.3095 act=0.0254 grad_norm=0.3457 lr=6.00e-04 28,285 tok/s 0.92 TFLOP/s
[step     800/1000000] through_mouth=8.2927 act=0.0311 grad_norm=0.5421 lr=6.00e-04 29,179 tok/s 0.95 TFLOP/s
[step     825/1000000] through_mouth=8.2791 act=0.0386 grad_norm=0.7236 lr=6.00e-04 28,686 tok/s 0.94 TFLOP/s
[step     850/1000000] through_mouth=8.3040 act=0.0282 grad_norm=0.4039 lr=6.00e-04 31,186 tok/s 1.02 TFLOP/s
[step     875/1000000] through_mouth=8.2913 act=0.0255 grad_norm=0.3581 lr=6.00e-04 26,479 tok/s 0.86 TFLOP/s
[step     900/1000000] through_mouth=8.3095 act=0.0242 grad_norm=0.3153 lr=6.00e-04 31,255 tok/s 1.02 TFLOP/s
[step     925/1000000] through_mouth=8.2979 act=0.0322 grad_norm=0.4229 lr=6.00e-04 30,179 tok/s 0.99 TFLOP/s
[step     950/1000000] through_mouth=8.3375 act=0.0352 grad_norm=0.6472 lr=6.00e-04 33,546 tok/s 1.10 TFLOP/s
[step     975/1000000] through_mouth=8.2867 act=0.0347 grad_norm=0.6823 lr=6.00e-04 34,539 tok/s 1.13 TFLOP/s
[step    1000/1000000] through_mouth=8.3040 act=0.0321 grad_norm=0.4219 lr=6.00e-04 31,436 tok/s 1.03 TFLOP/s
[step    1025/1000000] through_mouth=8.3379 act=0.0316 grad_norm=0.5171 lr=6.00e-04 31,745 tok/s 1.04 TFLOP/s
[step    1050/1000000] through_mouth=8.3487 act=0.0336 grad_norm=0.6458 lr=6.00e-04 33,215 tok/s 1.08 TFLOP/s
[step    1075/1000000] through_mouth=8.3348 act=0.0284 grad_norm=0.4930 lr=6.00e-04 29,989 tok/s 0.98 TFLOP/s
[step    1100/1000000] through_mouth=8.3435 act=0.0414 grad_norm=0.7185 lr=6.00e-04 25,656 tok/s 0.84 TFLOP/s
[step    1125/1000000] through_mouth=8.2975 act=0.0279 grad_norm=0.3605 lr=6.00e-04 28,012 tok/s 0.91 TFLOP/s
[step    1150/1000000] through_mouth=8.2942 act=0.0374 grad_norm=0.3188 lr=6.00e-04 28,140 tok/s 0.92 TFLOP/s
[step    1175/1000000] through_mouth=8.3201 act=0.0331 grad_norm=0.8372 lr=6.00e-04 28,028 tok/s 0.91 TFLOP/s
[step    1200/1000000] through_mouth=8.2922 act=0.0335 grad_norm=0.9236 lr=6.00e-04 27,332 tok/s 0.89 TFLOP/s
[step    1225/1000000] through_mouth=8.3355 act=0.0403 grad_norm=0.5468 lr=6.00e-04 30,552 tok/s 1.00 TFLOP/s
[step    1250/1000000] through_mouth=8.3022 act=0.0355 grad_norm=0.8360 lr=6.00e-04 33,209 tok/s 1.08 TFLOP/s
[step    1275/1000000] through_mouth=8.3253 act=0.0269 grad_norm=0.8333 lr=6.00e-04 36,556 tok/s 1.19 TFLOP/s
[step    1300/1000000] through_mouth=8.3209 act=0.0340 grad_norm=0.5297 lr=6.00e-04 35,563 tok/s 1.16 TFLOP/s
[step    1325/1000000] through_mouth=8.2952 act=0.0273 grad_norm=0.7565 lr=6.00e-04 35,839 tok/s 1.17 TFLOP/s
[step    1350/1000000] through_mouth=8.3361 act=0.0183 grad_norm=0.8871 lr=6.00e-04 36,622 tok/s 1.20 TFLOP/s
[step    1375/1000000] through_mouth=8.2931 act=0.0308 grad_norm=0.5689 lr=6.00e-04 36,575 tok/s 1.19 TFLOP/s
[step    1400/1000000] through_mouth=8.2979 act=0.0211 grad_norm=0.6361 lr=6.00e-04 36,648 tok/s 1.20 TFLOP/s
[step    1425/1000000] through_mouth=8.3247 act=0.0283 grad_norm=1.0083 lr=6.00e-04 36,127 tok/s 1.18 TFLOP/s
[step    1450/1000000] through_mouth=8.2746 act=0.0264 grad_norm=0.4655 lr=6.00e-04 26,530 tok/s 0.87 TFLOP/s
[step    1475/1000000] through_mouth=8.2830 act=0.0220 grad_norm=0.3988 lr=6.00e-04 32,287 tok/s 1.05 TFLOP/s
[step    1500/1000000] through_mouth=8.2909 act=0.0239 grad_norm=0.5196 lr=6.00e-04 29,263 tok/s 0.96 TFLOP/s
[step    1525/1000000] through_mouth=8.2923 act=0.0235 grad_norm=0.4951 lr=6.00e-04 24,883 tok/s 0.81 TFLOP/s
[step    1550/1000000] through_mouth=8.3218 act=0.0248 grad_norm=0.8801 lr=6.00e-04 27,178 tok/s 0.89 TFLOP/s
[step    1575/1000000] through_mouth=8.2889 act=0.0348 grad_norm=0.5366 lr=6.00e-04 25,638 tok/s 0.84 TFLOP/s
[step    1600/1000000] through_mouth=8.3042 act=0.0381 grad_norm=0.8223 lr=6.00e-04 28,044 tok/s 0.92 TFLOP/s
[step    1625/1000000] through_mouth=8.3071 act=0.0187 grad_norm=0.3583 lr=6.00e-04 30,322 tok/s 0.99 TFLOP/s
[step    1650/1000000] through_mouth=8.3040 act=0.0300 grad_norm=0.6783 lr=6.00e-04 32,616 tok/s 1.06 TFLOP/s
[step    1675/1000000] through_mouth=8.3966 act=0.0314 grad_norm=0.8462 lr=6.00e-04 31,922 tok/s 1.04 TFLOP/s
[step    1700/1000000] through_mouth=8.2969 act=0.0233 grad_norm=0.5153 lr=6.00e-04 30,273 tok/s 0.99 TFLOP/s
[step    1725/1000000] through_mouth=8.2647 act=0.0342 grad_norm=0.4912 lr=6.00e-04 31,132 tok/s 1.02 TFLOP/s
[step    1750/1000000] through_mouth=8.3143 act=0.0270 grad_norm=0.4914 lr=6.00e-04 29,152 tok/s 0.95 TFLOP/s
[step    1775/1000000] through_mouth=8.2972 act=0.0336 grad_norm=0.4699 lr=6.00e-04 31,585 tok/s 1.03 TFLOP/s
[step    1800/1000000] through_mouth=8.3181 act=0.0219 grad_norm=0.4968 lr=6.00e-04 26,829 tok/s 0.88 TFLOP/s
[step    1825/1000000] through_mouth=8.2847 act=0.0186 grad_norm=0.3705 lr=6.00e-04 26,478 tok/s 0.86 TFLOP/s
[step    1850/1000000] through_mouth=8.3194 act=0.0246 grad_norm=0.5248 lr=6.00e-04 30,301 tok/s 0.99 TFLOP/s
[step    1875/1000000] through_mouth=8.2757 act=0.0315 grad_norm=0.6041 lr=6.00e-04 36,029 tok/s 1.18 TFLOP/s
[step    1900/1000000] through_mouth=8.2676 act=0.0313 grad_norm=0.5696 lr=6.00e-04 34,048 tok/s 1.11 TFLOP/s
[step    1925/1000000] through_mouth=8.2915 act=0.0249 grad_norm=0.3366 lr=6.00e-04 32,966 tok/s 1.08 TFLOP/s
[step    1950/1000000] through_mouth=8.2754 act=0.0263 grad_norm=0.4780 lr=6.00e-04 34,051 tok/s 1.11 TFLOP/s
[step    1975/1000000] through_mouth=8.3145 act=0.0239 grad_norm=0.4921 lr=6.00e-04 36,358 tok/s 1.19 TFLOP/s
[step    2000/1000000] through_mouth=8.3278 act=0.0219 grad_norm=0.3511 lr=6.00e-04 36,491 tok/s 1.19 TFLOP/s
[step    2025/1000000] through_mouth=8.3153 act=0.0270 grad_norm=0.3649 lr=6.00e-04 33,473 tok/s 1.09 TFLOP/s
[step    2050/1000000] through_mouth=8.3273 act=0.0307 grad_norm=0.4527 lr=6.00e-04 35,538 tok/s 1.16 TFLOP/s
[step    2075/1000000] through_mouth=8.2738 act=0.0275 grad_norm=0.3741 lr=6.00e-04 35,228 tok/s 1.15 TFLOP/s
[step    2100/1000000] through_mouth=8.2825 act=0.0222 grad_norm=0.5745 lr=6.00e-04 34,361 tok/s 1.12 TFLOP/s
[step    2125/1000000] through_mouth=8.3127 act=0.0340 grad_norm=0.4686 lr=6.00e-04 32,775 tok/s 1.07 TFLOP/s
[step    2150/1000000] through_mouth=8.2975 act=0.0339 grad_norm=0.7102 lr=6.00e-04 28,001 tok/s 0.91 TFLOP/s
[step    2175/1000000] through_mouth=8.3089 act=0.0229 grad_norm=0.3683 lr=6.00e-04 26,875 tok/s 0.88 TFLOP/s
[step    2200/1000000] through_mouth=8.2712 act=0.0210 grad_norm=0.4891 lr=6.00e-04 26,305 tok/s 0.86 TFLOP/s
[step    2225/1000000] through_mouth=8.3495 act=0.0260 grad_norm=0.9278 lr=6.00e-04 28,782 tok/s 0.94 TFLOP/s
[step    2250/1000000] through_mouth=8.3510 act=0.0321 grad_norm=0.6364 lr=6.00e-04 26,161 tok/s 0.85 TFLOP/s
[step    2275/1000000] through_mouth=8.2828 act=0.0264 grad_norm=0.4758 lr=6.00e-04 27,673 tok/s 0.90 TFLOP/s
[step    2300/1000000] through_mouth=8.3048 act=0.0254 grad_norm=0.5661 lr=6.00e-04 26,152 tok/s 0.85 TFLOP/s
[step    2325/1000000] through_mouth=8.3279 act=0.0168 grad_norm=0.5535 lr=6.00e-04 30,141 tok/s 0.98 TFLOP/s
[step    2350/1000000] through_mouth=8.2970 act=0.0247 grad_norm=0.3766 lr=6.00e-04 32,872 tok/s 1.07 TFLOP/s
[step    2375/1000000] through_mouth=8.2918 act=0.0258 grad_norm=0.5403 lr=6.00e-04 30,945 tok/s 1.01 TFLOP/s
[step    2400/1000000] through_mouth=8.2668 act=0.0226 grad_norm=0.4929 lr=6.00e-04 28,611 tok/s 0.93 TFLOP/s
[step    2425/1000000] through_mouth=8.2828 act=0.0215 grad_norm=0.3423 lr=6.00e-04 34,829 tok/s 1.14 TFLOP/s
[step    2450/1000000] through_mouth=8.2985 act=0.0202 grad_norm=0.3897 lr=6.00e-04 35,726 tok/s 1.17 TFLOP/s
[step    2475/1000000] through_mouth=8.3470 act=0.0230 grad_norm=0.5268 lr=6.00e-04 35,753 tok/s 1.17 TFLOP/s
[step    2500/1000000] through_mouth=8.3084 act=0.0205 grad_norm=0.3458 lr=6.00e-04 32,128 tok/s 1.05 TFLOP/s
[step    2525/1000000] through_mouth=8.3217 act=0.0222 grad_norm=0.3418 lr=6.00e-04 30,315 tok/s 0.99 TFLOP/s
[step    2550/1000000] through_mouth=8.2864 act=0.0157 grad_norm=0.4912 lr=6.00e-04 31,545 tok/s 1.03 TFLOP/s
[step    2575/1000000] through_mouth=8.2722 act=0.0224 grad_norm=0.3970 lr=6.00e-04 34,918 tok/s 1.14 TFLOP/s
[step    2600/1000000] through_mouth=8.3058 act=0.0284 grad_norm=0.3952 lr=6.00e-04 29,237 tok/s 0.95 TFLOP/s
[step    2625/1000000] through_mouth=8.3051 act=0.0276 grad_norm=0.4806 lr=6.00e-04 27,166 tok/s 0.89 TFLOP/s
[step    2650/1000000] through_mouth=8.2601 act=0.0190 grad_norm=0.4071 lr=6.00e-04 32,127 tok/s 1.05 TFLOP/s
[step    2675/1000000] through_mouth=8.2702 act=0.0278 grad_norm=0.5160 lr=6.00e-04 33,239 tok/s 1.09 TFLOP/s
[step    2700/1000000] through_mouth=8.3030 act=0.0191 grad_norm=0.5716 lr=6.00e-04 33,516 tok/s 1.09 TFLOP/s
[step    2725/1000000] through_mouth=8.3042 act=0.0170 grad_norm=0.6725 lr=6.00e-04 28,897 tok/s 0.94 TFLOP/s
[step    2750/1000000] through_mouth=8.3540 act=0.0265 grad_norm=0.6092 lr=6.00e-04 28,064 tok/s 0.92 TFLOP/s
[step    2775/1000000] through_mouth=8.2672 act=0.0209 grad_norm=0.4828 lr=6.00e-04 29,818 tok/s 0.97 TFLOP/s
[step    2800/1000000] through_mouth=8.3166 act=0.0258 grad_norm=0.5511 lr=6.00e-04 28,262 tok/s 0.92 TFLOP/s
[step    2825/1000000] through_mouth=8.2833 act=0.0173 grad_norm=0.3339 lr=6.00e-04 32,531 tok/s 1.06 TFLOP/s
[step    2850/1000000] through_mouth=8.2783 act=0.0231 grad_norm=0.3957 lr=6.00e-04 27,872 tok/s 0.91 TFLOP/s
[step    2875/1000000] through_mouth=8.2707 act=0.0121 grad_norm=0.5641 lr=6.00e-04 27,445 tok/s 0.90 TFLOP/s
[step    2900/1000000] through_mouth=8.3102 act=0.0216 grad_norm=0.4494 lr=6.00e-04 25,019 tok/s 0.82 TFLOP/s
[step    2925/1000000] through_mouth=8.3028 act=0.0160 grad_norm=0.4936 lr=6.00e-04 27,455 tok/s 0.90 TFLOP/s
[step    2950/1000000] through_mouth=8.3129 act=0.0172 grad_norm=0.3937 lr=6.00e-04 25,579 tok/s 0.83 TFLOP/s
[step    2975/1000000] through_mouth=8.2637 act=0.0191 grad_norm=0.4552 lr=6.00e-04 25,894 tok/s 0.85 TFLOP/s
[step    3000/1000000] through_mouth=8.2760 act=0.0151 grad_norm=0.7843 lr=6.00e-04 25,767 tok/s 0.84 TFLOP/s
[step    3025/1000000] through_mouth=8.3279 act=0.0181 grad_norm=0.4830 lr=6.00e-04 28,622 tok/s 0.93 TFLOP/s
[step    3050/1000000] through_mouth=8.3114 act=0.0235 grad_norm=0.4282 lr=6.00e-04 36,794 tok/s 1.20 TFLOP/s
[step    3075/1000000] through_mouth=8.2857 act=0.0213 grad_norm=0.4799 lr=6.00e-04 35,899 tok/s 1.17 TFLOP/s
[step    3100/1000000] through_mouth=8.2763 act=0.0131 grad_norm=0.5286 lr=6.00e-04 35,195 tok/s 1.15 TFLOP/s
[step    3125/1000000] through_mouth=8.3095 act=0.0265 grad_norm=0.3469 lr=6.00e-04 36,493 tok/s 1.19 TFLOP/s
[step    3150/1000000] through_mouth=8.2575 act=0.0186 grad_norm=0.3972 lr=6.00e-04 36,715 tok/s 1.20 TFLOP/s
[step    3175/1000000] through_mouth=8.3371 act=0.0305 grad_norm=0.6249 lr=6.00e-04 36,578 tok/s 1.19 TFLOP/s
[step    3200/1000000] through_mouth=8.2914 act=0.0079 grad_norm=0.4667 lr=6.00e-04 35,420 tok/s 1.16 TFLOP/s
[step    3225/1000000] through_mouth=8.3102 act=0.0264 grad_norm=0.4718 lr=6.00e-04 36,216 tok/s 1.18 TFLOP/s
[step    3250/1000000] through_mouth=8.2605 act=0.0198 grad_norm=0.4014 lr=6.00e-04 34,388 tok/s 1.12 TFLOP/s
[step    3275/1000000] through_mouth=8.2895 act=0.0214 grad_norm=0.3427 lr=6.00e-04 36,080 tok/s 1.18 TFLOP/s
[step    3300/1000000] through_mouth=8.3080 act=0.0142 grad_norm=0.5506 lr=6.00e-04 29,338 tok/s 0.96 TFLOP/s
[step    3325/1000000] through_mouth=8.2678 act=0.0120 grad_norm=0.3541 lr=6.00e-04 26,975 tok/s 0.88 TFLOP/s
[step    3350/1000000] through_mouth=8.2954 act=0.0266 grad_norm=0.6124 lr=6.00e-04 28,006 tok/s 0.91 TFLOP/s
[step    3375/1000000] through_mouth=8.2837 act=0.0311 grad_norm=0.5199 lr=6.00e-04 26,858 tok/s 0.88 TFLOP/s
[step    3400/1000000] through_mouth=8.2643 act=0.0156 grad_norm=0.4477 lr=6.00e-04 30,095 tok/s 0.98 TFLOP/s
[step    3425/1000000] through_mouth=8.2849 act=0.0172 grad_norm=0.4738 lr=6.00e-04 28,550 tok/s 0.93 TFLOP/s
[step    3450/1000000] through_mouth=8.3358 act=0.0238 grad_norm=0.4426 lr=6.00e-04 29,157 tok/s 0.95 TFLOP/s
[step    3475/1000000] through_mouth=8.2854 act=0.0401 grad_norm=0.5993 lr=6.00e-04 27,921 tok/s 0.91 TFLOP/s
[step    3500/1000000] through_mouth=8.2714 act=0.0138 grad_norm=0.8038 lr=6.00e-04 30,678 tok/s 1.00 TFLOP/s
[step    3525/1000000] through_mouth=8.2580 act=0.0185 grad_norm=0.4231 lr=6.00e-04 28,345 tok/s 0.93 TFLOP/s
[step    3550/1000000] through_mouth=8.2914 act=0.0226 grad_norm=0.4526 lr=6.00e-04 29,065 tok/s 0.95 TFLOP/s
[step    3575/1000000] through_mouth=8.3039 act=0.0242 grad_norm=0.5358 lr=6.00e-04 29,007 tok/s 0.95 TFLOP/s
[step    3600/1000000] through_mouth=8.2671 act=0.0305 grad_norm=0.3989 lr=6.00e-04 28,656 tok/s 0.94 TFLOP/s
[step    3625/1000000] through_mouth=8.2996 act=0.0210 grad_norm=0.4851 lr=6.00e-04 28,959 tok/s 0.95 TFLOP/s
[step    3650/1000000] through_mouth=8.3146 act=0.0219 grad_norm=0.2926 lr=6.00e-04 32,918 tok/s 1.07 TFLOP/s
[step    3675/1000000] through_mouth=8.2653 act=0.0269 grad_norm=0.3710 lr=6.00e-04 35,150 tok/s 1.15 TFLOP/s
[step    3700/1000000] through_mouth=8.2808 act=0.0159 grad_norm=0.4909 lr=6.00e-04 27,804 tok/s 0.91 TFLOP/s
[step    3725/1000000] through_mouth=8.2575 act=0.0272 grad_norm=0.5755 lr=6.00e-04 29,696 tok/s 0.97 TFLOP/s
[step    3750/1000000] through_mouth=8.3171 act=0.0219 grad_norm=0.6502 lr=6.00e-04 27,240 tok/s 0.89 TFLOP/s
[step    3775/1000000] through_mouth=8.2699 act=0.0165 grad_norm=0.4027 lr=6.00e-04 36,055 tok/s 1.18 TFLOP/s
[step    3800/1000000] through_mouth=8.2656 act=0.0151 grad_norm=0.4133 lr=6.00e-04 35,674 tok/s 1.16 TFLOP/s
[step    3825/1000000] through_mouth=8.3137 act=0.0180 grad_norm=0.6948 lr=6.00e-04 35,960 tok/s 1.17 TFLOP/s
[step    3850/1000000] through_mouth=8.2923 act=0.0138 grad_norm=0.4422 lr=6.00e-04 35,069 tok/s 1.14 TFLOP/s
[step    3875/1000000] through_mouth=8.2977 act=0.0166 grad_norm=0.4470 lr=6.00e-04 36,055 tok/s 1.18 TFLOP/s
[step    3900/1000000] through_mouth=8.3356 act=0.0188 grad_norm=0.6388 lr=6.00e-04 35,369 tok/s 1.15 TFLOP/s
[step    3925/1000000] through_mouth=8.2861 act=0.0303 grad_norm=0.3689 lr=6.00e-04 27,528 tok/s 0.90 TFLOP/s
[step    3950/1000000] through_mouth=8.3097 act=0.0224 grad_norm=0.4712 lr=6.00e-04 27,746 tok/s 0.91 TFLOP/s
[step    3975/1000000] through_mouth=8.3344 act=0.0219 grad_norm=0.3753 lr=6.00e-04 27,748 tok/s 0.91 TFLOP/s
[step    4000/1000000] through_mouth=8.2614 act=0.0261 grad_norm=0.6463 lr=6.00e-04 27,052 tok/s 0.88 TFLOP/s
[step    4025/1000000] through_mouth=8.3029 act=0.0259 grad_norm=0.4622 lr=6.00e-04 25,601 tok/s 0.84 TFLOP/s
[step    4050/1000000] through_mouth=8.2623 act=0.0181 grad_norm=0.3492 lr=6.00e-04 27,636 tok/s 0.90 TFLOP/s
[step    4075/1000000] through_mouth=8.2740 act=0.0272 grad_norm=0.4774 lr=6.00e-04 28,117 tok/s 0.92 TFLOP/s
[step    4100/1000000] through_mouth=8.3224 act=0.0203 grad_norm=0.4676 lr=6.00e-04 27,270 tok/s 0.89 TFLOP/s
[step    4125/1000000] through_mouth=8.2800 act=0.0204 grad_norm=0.3246 lr=6.00e-04 28,716 tok/s 0.94 TFLOP/s
[step    4150/1000000] through_mouth=8.3047 act=0.0271 grad_norm=0.6450 lr=6.00e-04 30,456 tok/s 0.99 TFLOP/s
[step    4175/1000000] through_mouth=8.2818 act=0.0158 grad_norm=0.3123 lr=6.00e-04 28,244 tok/s 0.92 TFLOP/s
[step    4200/1000000] through_mouth=8.3218 act=0.0266 grad_norm=0.4036 lr=6.00e-04 34,933 tok/s 1.14 TFLOP/s
[step    4225/1000000] through_mouth=8.2775 act=0.0139 grad_norm=0.3451 lr=6.00e-04 36,721 tok/s 1.20 TFLOP/s
[step    4250/1000000] through_mouth=8.3026 act=0.0196 grad_norm=0.4298 lr=6.00e-04 36,660 tok/s 1.20 TFLOP/s
[step    4275/1000000] through_mouth=8.2879 act=0.0180 grad_norm=0.7885 lr=6.00e-04 35,772 tok/s 1.17 TFLOP/s
[step    4300/1000000] through_mouth=8.2699 act=0.0207 grad_norm=0.5065 lr=6.00e-04 27,373 tok/s 0.89 TFLOP/s
[step    4325/1000000] through_mouth=8.2976 act=0.0248 grad_norm=0.3314 lr=6.00e-04 28,309 tok/s 0.92 TFLOP/s
[step    4350/1000000] through_mouth=8.2827 act=0.0244 grad_norm=0.3642 lr=6.00e-04 30,608 tok/s 1.00 TFLOP/s
[step    4375/1000000] through_mouth=8.3214 act=0.0429 grad_norm=0.6984 lr=6.00e-04 30,855 tok/s 1.01 TFLOP/s
[step    4400/1000000] through_mouth=8.3328 act=0.0255 grad_norm=0.5641 lr=6.00e-04 28,553 tok/s 0.93 TFLOP/s
[step    4425/1000000] through_mouth=8.2877 act=0.0187 grad_norm=0.3459 lr=6.00e-04 30,088 tok/s 0.98 TFLOP/s
[step    4450/1000000] through_mouth=8.2790 act=0.0131 grad_norm=0.2884 lr=6.00e-04 29,832 tok/s 0.97 TFLOP/s
[step    4475/1000000] through_mouth=8.2794 act=0.0330 grad_norm=0.3230 lr=6.00e-04 35,351 tok/s 1.15 TFLOP/s
[step    4500/1000000] through_mouth=8.3239 act=0.0260 grad_norm=0.3647 lr=6.00e-04 33,455 tok/s 1.09 TFLOP/s
[step    4525/1000000] through_mouth=8.2798 act=0.0191 grad_norm=0.3382 lr=6.00e-04 31,947 tok/s 1.04 TFLOP/s
[stop] time limit 3.0 min reached at step 4529
[done] {"finished": false, "stopped": "time-limit", "step": 4529, "tokens": 5504538, "checkpoint": "C:\\Users\\benja\\talker24\\artifacts\\fable-talker24-20260920\\s0\\thinker\\final.pt", "parameter_hash": "9aa79bcc6ca10becf17146df1dc070ce85c78ccf077774ae97510843a72a3dec", "seconds": 180.11, "source": "1 shard(s) under C:\\Users\\benja\\talker24\\artifacts\\fable-talker24-20260920\\shards + dialogues: generated L1[100000:100512] symbol_mode=m0 pool=train via fable_talker24_dialogues (REAL generator output)", "dialogues": {"source": "generated L1[100000:100512] symbol_mode=m0 pool=train via fable_talker24_dialogues (REAL generator output)", "turns": 6749, "parse_counters": {"name_not_in_world": 38}, "synthetic": false}}
exit=0

=== 5a kill test (built-in; CPU only -- kill_test() hard-codes --device cpu) === 2026-09-20T21:18:57.6546170-04:00
{
  "ok": true,
  "steps": 40,
  "die_at": 18,
  "preset": "tiny",
  "stage": "autoencode",
  "killed_signal": 137,
  "uninterrupted_hash": "138c3be0e9eb1619fc80aa6b7d95d3a5bd8f140c2dce0f467651bab9a85a7127",
  "resumed_hash": "138c3be0e9eb1619fc80aa6b7d95d3a5bd8f140c2dce0f467651bab9a85a7127",
  "uninterrupted_tokens": 3854,
  "resumed_tokens": 3854,
  "resume_line": [
    "[resume] step-00000015.pt: step 15, 1,417 tokens, hash 0ee31f6e22c9b54b"
  ]
}
KILL TEST: BIT-IDENTICAL
exit=0

=== 5b kill test on CUDA (the same three runs, --device cuda) === 2026-09-20T21:19:06.8849789-04:00
[start] stage=autoencode preset=tiny device=cuda steps=40 from step 0; data = synthetic (4096 sentences, NOT real text)
[step      10/40] loss=4.5723 grad_norm=1.3213 lr=2.00e-05 1,846 tok/s 0.00 TFLOP/s
[step      20/40] loss=4.5706 grad_norm=1.0828 lr=4.00e-05 3,730 tok/s 0.00 TFLOP/s
[step      30/40] loss=4.5727 grad_norm=1.1435 lr=6.00e-05 3,868 tok/s 0.00 TFLOP/s
[step      40/40] loss=4.5818 grad_norm=1.1159 lr=8.00e-05 3,679 tok/s 0.00 TFLOP/s
[done] {"finished": true, "step": 40, "tokens": 3854, "parameter_hash": "51a1d221f4f7ad5ecac52031feb20c77316212f166c6b9f374fb327d2f4c41d2", "checkpoint": "C:\\Users\\benja\\talker24\\artifacts\\fable-talker24-20260920\\s0\\kill-gpu\\uninterrupted\\final.pt", "seconds": 1.33, "source": "synthetic (4096 sentences, NOT real text)", "dialogues": null}
exit_A=0
[start] stage=autoencode preset=tiny device=cuda steps=40 from step 0; data = synthetic (4096 sentences, NOT real text)
[step      10/40] loss=4.5723 grad_norm=1.3213 lr=2.00e-05 1,898 tok/s 0.00 TFLOP/s
[kill] SIGKILL at step 18 (requested, nothing saved)
exit_B_killed=137
[resume] step-00000015.pt: step 15, 1,417 tokens, hash efc35e5407ab3f72
[start] stage=autoencode preset=tiny device=cuda steps=40 from step 15; data = synthetic (4096 sentences, NOT real text)
[step      20/40] loss=4.5706 grad_norm=1.0828 lr=4.00e-05 1,305 tok/s 0.00 TFLOP/s
[step      30/40] loss=4.5727 grad_norm=1.1435 lr=6.00e-05 3,604 tok/s 0.00 TFLOP/s
[step      40/40] loss=4.5818 grad_norm=1.1159 lr=8.00e-05 3,454 tok/s 0.00 TFLOP/s
[done] {"finished": true, "step": 40, "tokens": 3854, "parameter_hash": "51a1d221f4f7ad5ecac52031feb20c77316212f166c6b9f374fb327d2f4c41d2", "checkpoint": "C:\\Users\\benja\\talker24\\artifacts\\fable-talker24-20260920\\s0\\kill-gpu\\killed\\final.pt", "seconds": 0.97, "source": "synthetic (4096 sentences, NOT real text)", "dialogues": null}
exit_B_resumed=0

=== 6a S0 model marks === 2026-09-20T21:19:17.2555265-04:00
exit=1

=== 6b the four section 3.4 interventions === 2026-09-20T21:19:19.5277688-04:00
{
  "label": "C:\\Users\\benja\\talker24\\artifacts\\fable-talker24-20260920\\s0\\autoencode\\final.pt",
  "stage": "S0",
  "n_thoughts": 128,
  "slot_swap": {
    "score": 0.7391304347826086,
    "n": 138,
    "by_field": {
      "subject": 0.8,
      "object": 0.6,
      "relation": 0.7421875
    },
    "diagnostics": {
      "copy_words_unchanged": 0.7,
      "copy_resolution_changed": 1.0,
      "relation_words_changed": 0.7421875
    }
  },
  "gist_shuffle": {
    "score": 1.0,
    "n": 128,
    "reworded_rate": 0.9921875
  },
  "gist_zero": {
    "score": 1.0,
    "n": 128
  },
  "thought_replace": {
    "score": 1.0,
    "n": 128,
    "follows_own": 0.16021205357142854
  },
  "reconstruction": {
    "exact": 0.0,
    "token_accuracy": 0.039723661485319514,
    "n": 128
  },
  "blurry_gist": {
    "name": "gist is blurry",
    "triggered": false,
    "top10_share": 0.1796875,
    "threshold": 0.4,
    "distinct_replies": 115,
    "fixes_in_order": [
      "1. confirm cross-entropy-through-mouth is on, not MSE",
      "2. code-book gist (4 code-books x 256 entries) so the thinker CLASSIFIES instead of regressing"
    ]
  },
  "marks": {
    "slot_swap": {
      "score": 0.7391304347826086,
      "mark": 0.95,
      "passed": false
    },
    "gist_shuffle": {
      "score": 1.0,
      "mark": 0.99,
      "passed": true
    },
    "gist_zero_change": {
      "score": 1.0,
      "mark": 0.9,
      "passed": true
    },
    "thought_replace": {
      "score": 1.0,
      "mark": 0.95,
      "passed": true
    }
  },
  "all_marks_passed": false,
  "signature": {
    "name": "mouth ignores the thought",
    "triggered": true,
    "clauses": [
      "exact reconstruction 0.000 < 0.3"
    ],
    "fixes_in_order": [
      "1. word dropout -- blank 30 % of the mouth's own previous words during training so it cannot coast on fluency (Bowman et al.)",
      "2. a bag-of-words side loss: the thought alone must predict which words appear",
      "3. shrink the mouth to 4 blocks and widen the prefix to 16 vectors"
    ],
    "note": "apply the fixes ONE AT A TIME, in this order; they were named before any run (design section 3.4)"
  }
}
exit=0

=== 7 throughput M / L / XL at the design's batch 32 x length 48 === 2026-09-20T21:19:34.5470608-04:00
{"preset": "M", "device": "cuda", "gru_mouth": false, "parameters": 33569664, "forward_parameters": 26131328, "batch": 32, "length": 48, "steps": 20, "seconds": 0.912, "tokens_per_s": 33684.7, "tflops": 5.281, "peak_mem_mb": 1060.0, "note": "6 x forward-parameters x tokens/s (design section 2.4); attention extra at <= 48 pieces is under 1 % and is ignored"}
{"preset": "L", "device": "cuda", "gru_mouth": false, "parameters": 87627968, "forward_parameters": 71162368, "batch": 32, "length": 48, "steps": 20, "seconds": 1.336, "tokens_per_s": 22994.3, "tflops": 9.818, "peak_mem_mb": 2177.3, "note": "6 x forward-parameters x tokens/s (design section 2.4); attention extra at <= 48 pieces is under 1 % and is ignored"}
{"preset": "XL", "device": "cuda", "gru_mouth": false, "parameters": 209009664, "forward_parameters": 179977856, "batch": 32, "length": 48, "steps": 20, "seconds": 2.206, "tokens_per_s": 13927.4, "tflops": 15.04, "peak_mem_mb": 4651.1, "note": "6 x forward-parameters x tokens/s (design section 2.4); attention extra at <= 48 pieces is under 1 % and is ignored"}
exit=0

=== done === 2026-09-20T21:19:44.5341960-04:00
memory.used [MiB], utilization.gpu [%]
450 MiB, 11 %
